Reg. č.;Výsledek;Body ZŠ;JPZ MA;JPZ ČJ;Celkem JPZ;Celkem PZ;2. PPřR;1. PPoR;Průměr ZŠ
401090;přijat na základě přijímací zkoušky;33.25;30.0;33.0;63.0;96.25;1.8;1.53;1.67
405688;nepřijat z důvodu přijetí na školu/obor s vyšší prioritou;50.0;38.0;30.0;68.0;118.0;1.0;1.0;1.0
408066;nepřijat z důvodu přijetí na školu/obor s vyšší prioritou;43.5;28.0;20.0;48.0;91.5;1.33;1.19;1.26
408875;přijat na základě přijímací zkoušky;33.25;25.0;29.0;54.0;87.25;1.67;1.67;1.67
413142;přijat na základě přijímací zkoušky;50.0;33.0;45.0;78.0;128.0;1.0;1.0;1.0
415735;nepřijat z důvodu přijetí na školu/obor s vyšší prioritou;50.0;41.0;32.0;73.0;123.0;1.0;1.0;1.0
415967;nepřijat z důvodu přijetí na školu/obor s vyšší prioritou;48.0;21.0;40.0;61.0;109.0;1.07;1.08;1.08
418956;nepřijat z důvodu přijetí na školu/obor s vyšší prioritou;47.25;30.0;37.0;67.0;114.25;1.14;1.08;1.11
420394;nepřijat z důvodu přijetí na školu/obor s vyšší prioritou;50.0;46.0;43.0;89.0;139.0;1.0;1.0;1.0
420597;nepřijat z důvodu přijetí na školu/obor s vyšší prioritou;36.75;13.0;28.0;41.0;77.75;1.5;1.56;1.53
422020;nepřijat z důvodu přijetí na školu/obor s vyšší prioritou;40.75;34.0;27.0;61.0;101.75;1.33;1.4;1.37
425595;nepřijat pro nedostačující kapacitu oboru;25.5;8.0;21.0;29.0;54.5;2.19;1.76;1.98
427448;nepřijat z důvodu přijetí na školu/obor s vyšší prioritou;50.0;30.0;37.0;67.0;117.0;1.0;1.0;1.0
429398;nepřijat pro nesplnění podmínek přijímacího řízení;16.25;12.0;6.0;18.0;34.25;2.33;2.36;2.35
430469;přijat na základě přijímací zkoušky;40.0;42.0;40.0;82.0;122.0;1.47;1.33;1.4
430630;nepřijat z důvodu přijetí na školu/obor s vyšší prioritou;45.0;21.0;38.0;59.0;104.0;1.13;1.27;1.2
432433;nepřijat z důvodu přijetí na školu/obor s vyšší prioritou;49.0;29.0;42.0;71.0;120.0;1.07;1.0;1.04
432746;přijat na základě přijímací zkoušky;41.0;29.0;33.0;62.0;103.0;1.36;1.36;1.36
433399;nepřijat z důvodu přijetí na školu/obor s vyšší prioritou;34.75;12.0;27.0;39.0;73.75;1.56;1.65;1.61
434227;nepřijat pro nedostačující kapacitu oboru;28.75;17.0;12.0;29.0;57.75;1.76;1.93;1.85
434499;nepřijat z důvodu přijetí na školu/obor s vyšší prioritou;39.0;31.0;26.0;57.0;96.0;1.5;1.38;1.44
435500;přijat na základě přijímací zkoušky;44.0;27.0;28.0;55.0;99.0;1.27;1.21;1.24
436507;nepřijat z důvodu přijetí na školu/obor s vyšší prioritou;39.5;18.0;21.0;39.0;78.5;1.53;1.31;1.42
437024;nepřijat z důvodu přijetí na školu/obor s vyšší prioritou;48.5;27.0;35.0;62.0;110.5;1.12;1.0;1.06
437684;přijat na základě přijímací zkoušky;39.75;25.0;24.0;49.0;88.75;1.38;1.44;1.41
438970;přijat na základě přijímací zkoušky;32.5;14.0;29.0;43.0;75.5;1.75;1.65;1.7
439466;nepřijat z důvodu přijetí na školu/obor s vyšší prioritou;47.25;36.0;44.0;80.0;127.25;1.14;1.07;1.11
439656;nepřijat z důvodu přijetí na školu/obor s vyšší prioritou;31.75;23.0;31.0;54.0;85.75;1.73;1.73;1.73
440074;přijat na základě přijímací zkoušky;43.5;19.0;25.0;44.0;87.5;1.24;1.27;1.26
440094;nepřijat z důvodu přijetí na školu/obor s vyšší prioritou;44.25;27.0;32.0;59.0;103.25;1.14;1.31;1.23
440865;nepřijat z důvodu přijetí na školu/obor s vyšší prioritou;41.25;35.0;40.0;75.0;116.25;1.38;1.31;1.35
442095;nepřijat z důvodu přijetí na školu/obor s vyšší prioritou;26.75;13.0;26.0;39.0;65.75;1.93;1.92;1.93
443051;přijat na základě přijímací zkoušky;39.0;20.0;38.0;58.0;97.0;1.38;1.5;1.44
443342;nepřijat pro nedostačující kapacitu oboru;11.75;24.0;0.0;24.0;35.75;2.75;2.31;2.53
443845;nepřijat z důvodu přijetí na školu/obor s vyšší prioritou;50.0;40.0;40.0;80.0;130.0;1.0;1.0;1.0
444478;nepřijat z důvodu přijetí na školu/obor s vyšší prioritou;36.75;13.0;19.0;32.0;68.75;1.47;1.59;1.53
446202;nepřijat pro nedostačující kapacitu oboru;32.5;12.0;31.0;43.0;75.5;1.69;1.71;1.7
447643;přijat na základě přijímací zkoušky;41.0;24.0;42.0;66.0;107.0;1.29;1.43;1.36
447821;nepřijat z důvodu přijetí na školu/obor s vyšší prioritou;46.5;28.0;41.0;69.0;115.5;1.13;1.15;1.14
449063;nepřijat pro nedostačující kapacitu oboru;25.75;11.0;22.0;33.0;58.75;2.0;1.94;1.97
451421;nepřijat pro nedostačující kapacitu oboru;27.5;15.0;25.0;40.0;67.5;2.06;1.73;1.9
452309;nepřijat z důvodu přijetí na školu/obor s vyšší prioritou;37.25;32.0;29.0;61.0;98.25;1.73;1.29;1.51
452517;přijat na základě přijímací zkoušky;34.75;22.0;38.0;60.0;94.75;1.63;1.59;1.61
453440;nepřijat z důvodu přijetí na školu/obor s vyšší prioritou;43.25;21.0;35.0;56.0;99.25;1.47;1.06;1.27
454346;přijat na základě přijímací zkoušky;35.75;13.0;30.0;43.0;78.75;1.53;1.6;1.57
455018;přijat na základě přijímací zkoušky;46.75;22.0;27.0;49.0;95.75;1.13;1.12;1.13
456009;nepřijat pro nedostačující kapacitu oboru;30.75;16.0;24.0;40.0;70.75;1.53;2.0;1.77
457307;nepřijat z důvodu přijetí na školu/obor s vyšší prioritou;36.0;11.0;28.0;39.0;75.0;1.59;1.53;1.56
457728;nepřijat pro nedostačující kapacitu oboru;29.5;18.0;24.0;42.0;71.5;1.88;1.76;1.82
459453;nepřijat z důvodu přijetí na školu/obor s vyšší prioritou;41.25;14.0;26.0;40.0;81.25;1.35;1.35;1.35
459762;nepřijat z důvodu přijetí na školu/obor s vyšší prioritou;37.75;17.0;31.0;48.0;85.75;1.5;1.47;1.49
459844;nepřijat z důvodu přijetí na školu/obor s vyšší prioritou;37.0;17.0;13.0;30.0;67.0;1.53;1.5;1.52
459897;nepřijat z důvodu přijetí na školu/obor s vyšší prioritou;36.75;20.0;33.0;53.0;89.75;1.5;1.56;1.53
460763;nepřijat z důvodu přijetí na školu/obor s vyšší prioritou;44.5;16.0;34.0;50.0;94.5;1.25;1.18;1.22
464262;přijat na základě přijímací zkoušky;35.5;24.0;17.0;41.0;76.5;1.6;1.56;1.58
464859;nepřijat pro nedostačující kapacitu oboru;28.75;19.0;27.0;46.0;74.75;1.87;1.82;1.85
465204;nepřijat pro nedostačující kapacitu oboru;38.75;10.0;25.0;35.0;73.75;1.56;1.33;1.45
468165;přijat na základě přijímací zkoušky;48.5;30.0;42.0;72.0;120.5;1.06;1.06;1.06
469050;nepřijat z důvodu přijetí na školu/obor s vyšší prioritou;45.75;22.0;19.0;41.0;86.75;1.27;1.06;1.17
469309;nepřijat z důvodu přijetí na školu/obor s vyšší prioritou;25.0;15.0;30.0;45.0;70.0;2.18;1.82;2.0
470185;nepřijat z důvodu přijetí na školu/obor s vyšší prioritou;42.5;21.0;32.0;53.0;95.5;1.31;1.29;1.3
470982;nepřijat z důvodu přijetí na školu/obor s vyšší prioritou;38.5;14.0;23.0;37.0;75.5;1.47;1.44;1.46
471436;přijat na základě přijímací zkoušky;32.75;24.0;28.0;52.0;84.75;1.81;1.56;1.69
473809;přijat na základě přijímací zkoušky;47.25;43.0;41.0;84.0;131.25;1.14;1.07;1.11
474179;přijat na základě přijímací zkoušky;39.75;28.0;33.0;61.0;100.75;1.44;1.38;1.41
475576;přijat na základě přijímací zkoušky;44.0;10.0;34.0;44.0;88.0;1.19;1.28;1.24
476184;nepřijat z důvodu přijetí na školu/obor s vyšší prioritou;42.75;21.0;25.0;46.0;88.75;1.27;1.31;1.29
477518;nepřijat z důvodu přijetí na školu/obor s vyšší prioritou;50.0;33.0;36.0;69.0;119.0;1.0;1.0;1.0
477671;nepřijat z důvodu přijetí na školu/obor s vyšší prioritou;46.0;21.0;26.0;47.0;93.0;1.18;1.13;1.16
477975;přijat na základě přijímací zkoušky;38.25;20.0;28.0;48.0;86.25;1.6;1.33;1.47
478728;nepřijat pro nedostačující kapacitu oboru;28.25;13.0;20.0;33.0;61.25;2.06;1.67;1.87
480689;nepřijat z důvodu přijetí na školu/obor s vyšší prioritou;31.5;7.0;11.0;18.0;49.5;1.81;1.67;1.74
481566;nepřijat z důvodu přijetí na školu/obor s vyšší prioritou;36.25;23.0;38.0;61.0;97.25;1.63;1.47;1.55
482660;přijat na základě přijímací zkoušky;35.75;18.0;31.0;49.0;84.75;1.6;1.53;1.57
483773;nepřijat z důvodu přijetí na školu/obor s vyšší prioritou;41.75;31.0;24.0;55.0;96.75;1.4;1.25;1.33
485035;nepřijat z důvodu přijetí na školu/obor s vyšší prioritou;41.5;31.0;36.0;67.0;108.5;1.27;1.4;1.34
490131;přijat na základě přijímací zkoušky;46.25;39.0;45.0;84.0;130.25;1.29;1.0;1.15
490861;přijat na základě přijímací zkoušky;50.0;41.0;39.0;80.0;130.0;1.0;1.0;1.0
492660;přijat na základě přijímací zkoušky;49.25;27.0;42.0;69.0;118.25;1.0;1.06;1.03
493125;nepřijat z důvodu přijetí na školu/obor s vyšší prioritou;42.0;27.0;28.0;55.0;97.0;1.31;1.33;1.32
493621;přijat na základě přijímací zkoušky;32.75;22.0;32.0;54.0;86.75;1.71;1.67;1.69
495344;přijat na základě přijímací zkoušky;21.0;17.0;40.0;57.0;78.0;2.57;1.75;2.16
496355;přijat na základě přijímací zkoušky;39.75;19.0;29.0;48.0;87.75;1.41;1.4;1.41
496623;přijat na základě přijímací zkoušky;46.25;29.0;0.0;29.0;75.25;1.0;1.29;1.15
498502;nepřijat z důvodu přijetí na školu/obor s vyšší prioritou;18.75;32.0;39.0;71.0;89.75;2.29;2.21;2.25
499293;nepřijat z důvodu přijetí na školu/obor s vyšší prioritou;44.25;25.0;34.0;59.0;103.25;1.18;1.27;1.23
501736;nepřijat z důvodu přijetí na školu/obor s vyšší prioritou;43.0;20.0;30.0;50.0;93.0;1.31;1.24;1.28
503501;nepřijat z důvodu přijetí na školu/obor s vyšší prioritou;47.5;29.0;42.0;71.0;118.5;1.06;1.13;1.1
504808;přijat na základě přijímací zkoušky;25.75;20.0;31.0;51.0;76.75;2.0;1.93;1.97
505551;nepřijat z důvodu přijetí na školu/obor s vyšší prioritou;48.5;23.0;37.0;60.0;108.5;1.06;1.06;1.06
505578;nepřijat z důvodu přijetí na školu/obor s vyšší prioritou;31.75;14.0;40.0;54.0;85.75;1.6;1.86;1.73
506639;nepřijat z důvodu přijetí na školu/obor s vyšší prioritou;40.5;23.0;39.0;62.0;102.5;1.33;1.43;1.38
507675;nepřijat z důvodu přijetí na školu/obor s vyšší prioritou;36.25;19.0;39.0;58.0;94.25;1.56;1.53;1.55
508669;nepřijat pro nedostačující kapacitu oboru;20.75;7.0;21.0;28.0;48.75;2.4;1.93;2.17
509557;nepřijat z důvodu přijetí na školu/obor s vyšší prioritou;42.5;29.0;23.0;52.0;94.5;1.27;1.33;1.3
515489;nepřijat z důvodu přijetí na školu/obor s vyšší prioritou;31.5;15.0;26.0;41.0;72.5;1.6;1.87;1.74
521091;nepřijat z důvodu přijetí na školu/obor s vyšší prioritou;45.25;13.0;34.0;47.0;92.25;1.19;1.19;1.19
521917;nepřijat z důvodu přijetí na školu/obor s vyšší prioritou;35.75;22.0;29.0;51.0;86.75;1.63;1.5;1.57
522376;nepřijat pro nedostačující kapacitu oboru;31.75;10.0;16.0;26.0;57.75;1.65;1.8;1.73
522906;nepřijat z důvodu přijetí na školu/obor s vyšší prioritou;33.5;16.0;32.0;48.0;81.5;1.56;1.76;1.66
523965;nepřijat pro nesplnění podmínek přijímacího řízení;23.75;2.0;0.0;2.0;25.75;1.94;2.15;2.05
525846;nepřijat pro nedostačující kapacitu oboru;25.0;10.0;31.0;41.0;66.0;1.93;2.06;2.0
