Název vysoké školy,Rezortní identifikátor,Název fakulty nebo pracoviště,Název studijního programu,Kód studijního programu,Název studijního oboru,Kód studijního oboru,Počet absolventů v rámci Královéhradeckého kraje za rok 2022,Název vyššího územního samosprávného celku,Kód vyššího územního samosprávného celku dle číselníku ČSÚ,Název okresu,Kód okresu dle číselníku ČSÚ,Název správního obvodu obce s rozšířenou působností,Kód správního obvodu obce s rozšířenou působností dle číselníku ČSÚ,Název obce,Kód obce dle číselníku ČSÚ,Název ulice,Číslo popisné nebo evidenční podle typu čísla domovního,Typ čísla domovního,Číslo orientační,PSČ,Webové stránky,Zápis vektorové geometrie,Zeměpisná délka v souřadnicovém systému WGS84,Zeměpisná šířka v souřadnicovém systému WGS84,Jedinečný identifikátor v katalogu otevřených dat Data KHK,ID,x2,y2
Česká zemědělská univerzita v Praze,41110,Provozně ekonomická fakulta,Hospodářská politika a správa,B6202,,,4,Královehradecký kraj,CZ052,Hradec Králové ,CZ0521,Hradec Králové,5205,Hradec Králové ,569810,Veverkova ,1343,č.p.,,50002,https://www.pef.czu.cz/cs/r-17582-uchazeci/r-19592-centra-vzdelavani-v-regionech/r-10033-cv-hradec-kralove,POINT(50.2064533  15.8148219),15.8148219,50.2064533,AVS1,1,1760497.92089432,6482106.98218762
Česká zemědělská univerzita v Praze,41110,Provozně ekonomická fakulta,Hospodářská politika a správa,N6202,,,4,Královehradecký kraj,CZ052,Hradec Králové ,CZ0521,Hradec Králové,5205,Hradec Králové ,569810,Veverkova ,1343,č.p.,,50002,https://www.pef.czu.cz/cs/r-17582-uchazeci/r-19592-centra-vzdelavani-v-regionech/r-10033-cv-hradec-kralove,POINT(50.2064533  15.8148219),15.8148219,50.2064533,AVS2,2,1760497.92089432,6482106.98218762
Česká zemědělská univerzita v Praze,41110,Provozně ekonomická fakulta,Hospodářská politika a správa,B6202,Veřejná správa a regionální rozvoj,6202R065,4,Královehradecký kraj,CZ052,Hradec Králové ,CZ0521,Hradec Králové,5205,Hradec Králové ,569810,Veverkova ,1343,č.p.,,50002,https://www.pef.czu.cz/cs/r-17582-uchazeci/r-19592-centra-vzdelavani-v-regionech/r-10033-cv-hradec-kralove,POINT(50.2064533  15.8148219),15.8148219,50.2064533,AVS3,3,1760497.92089432,6482106.98218762
Česká zemědělská univerzita v Praze,41110,Provozně ekonomická fakulta,Hospodářská politika a správa,N6202,Veřejná správa a regionální rozvoj,6202T065,4,Královehradecký kraj,CZ052,Hradec Králové ,CZ0521,Hradec Králové,5205,Hradec Králové ,569810,Veverkova ,1343,č.p.,,50002,https://www.pef.czu.cz/cs/r-17582-uchazeci/r-19592-centra-vzdelavani-v-regionech/r-10033-cv-hradec-kralove,POINT(50.2064533  15.8148219),15.8148219,50.2064533,AVS4,4,1760497.92089432,6482106.98218762
Česká zemědělská univerzita v Praze,41110,Provozně ekonomická fakulta,Veřejná správa a regionální rozvoj,B0312A050002,,,44,Královehradecký kraj,CZ052,Hradec Králové ,CZ0521,Hradec Králové,5205,Hradec Králové ,569810,Veverkova ,1343,č.p.,,50002,https://www.pef.czu.cz/cs/r-17582-uchazeci/r-19592-centra-vzdelavani-v-regionech/r-10033-cv-hradec-kralove,POINT(50.2064533  15.8148219),15.8148219,50.2064533,AVS5,5,1760497.92089432,6482106.98218762
Česká zemědělská univerzita v Praze,41110,Provozně ekonomická fakulta,Veřejná správa a regionální rozvoj,N0312A050002,,,49,Královehradecký kraj,CZ052,Hradec Králové ,CZ0521,Hradec Králové,5205,Hradec Králové ,569810,Veverkova ,1343,č.p.,,50002,https://www.pef.czu.cz/cs/r-17582-uchazeci/r-19592-centra-vzdelavani-v-regionech/r-10033-cv-hradec-kralove,POINT(50.2064533  15.8148219),15.8148219,50.2064533,AVS6,6,1760497.92089432,6482106.98218762
Univerzita  Hradec Králové,18440,Pedagogická fakulta,Anglický jazyk se zaměřením na vzdělávání,B0114A090004,,,1,Královehradecký kraj,CZ052,Hradec Králové ,CZ0521,Hradec Králové,5205,Hradec Králové ,569810,náměstí Svobody ,301,č.p.,,50002,https://www.uhk.cz/cs/pedagogicka-fakulta/pdf,POINT(50.2095147  15.8267314),15.8267314,50.2095147,AVS7,7,1761823.68036992,6482639.46982209
Univerzita  Hradec Králové,18440,Pedagogická fakulta,Český jazyk a literatura se zaměřením na vzdělávání,B0114A090005,,,1,Královehradecký kraj,CZ052,Hradec Králové ,CZ0521,Hradec Králové,5205,Hradec Králové ,569810,náměstí Svobody ,301,č.p.,,50002,https://www.uhk.cz/cs/pedagogicka-fakulta/pdf,POINT(50.2095147  15.8267314),15.8267314,50.2095147,AVS8,8,1761823.68036992,6482639.46982209
Univerzita  Hradec Králové,18440,Pedagogická fakulta,Etická výchova se zaměřením na vzdělávání,B0114A300052,,,2,Královehradecký kraj,CZ052,Hradec Králové ,CZ0521,Hradec Králové,5205,Hradec Králové ,569810,náměstí Svobody ,301,č.p.,,50002,https://www.uhk.cz/cs/pedagogicka-fakulta/pdf,POINT(50.2095147  15.8267314),15.8267314,50.2095147,AVS9,9,1761823.68036992,6482639.46982209
Univerzita  Hradec Králové,18440,Pedagogická fakulta,Filologie,B7310,,,35,Královehradecký kraj,CZ052,Hradec Králové ,CZ0521,Hradec Králové,5205,Hradec Králové ,569810,náměstí Svobody ,301,č.p.,,50002,https://www.uhk.cz/cs/pedagogicka-fakulta/pdf,POINT(50.2095147  15.8267314),15.8267314,50.2095147,AVS10,10,1761823.68036992,6482639.46982209
Univerzita  Hradec Králové,18440,Pedagogická fakulta,Filologie,P7310,,,1,Královehradecký kraj,CZ052,Hradec Králové ,CZ0521,Hradec Králové,5205,Hradec Králové ,569810,náměstí Svobody ,301,č.p.,,50002,https://www.uhk.cz/cs/pedagogicka-fakulta/pdf,POINT(50.2095147  15.8267314),15.8267314,50.2095147,AVS11,11,1761823.68036992,6482639.46982209
Univerzita  Hradec Králové,18440,Pedagogická fakulta,Filologie,B7310,Cizí jazyky pro cestovní ruch - anglický jazyk,7310R228,13,Královehradecký kraj,CZ052,Hradec Králové ,CZ0521,Hradec Králové,5205,Hradec Králové ,569810,náměstí Svobody ,301,č.p.,,50002,https://www.uhk.cz/cs/pedagogicka-fakulta/pdf,POINT(50.2095147  15.8267314),15.8267314,50.2095147,AVS12,12,1761823.68036992,6482639.46982209
Univerzita  Hradec Králové,18440,Pedagogická fakulta,Filologie,B7310,Cizí jazyky pro cestovní ruch - německý jazyk,7310R230,2,Královehradecký kraj,CZ052,Hradec Králové ,CZ0521,Hradec Králové,5205,Hradec Králové ,569810,náměstí Svobody ,301,č.p.,,50002,https://www.uhk.cz/cs/pedagogicka-fakulta/pdf,POINT(50.2095147  15.8267314),15.8267314,50.2095147,AVS13,13,1761823.68036992,6482639.46982209
Univerzita  Hradec Králové,18440,Pedagogická fakulta,Filologie,B7310,Jazyková a literární kultura,7202R001,20,Královehradecký kraj,CZ052,Hradec Králové ,CZ0521,Hradec Králové,5205,Hradec Králové ,569810,náměstí Svobody ,301,č.p.,,50002,https://www.uhk.cz/cs/pedagogicka-fakulta/pdf,POINT(50.2095147  15.8267314),15.8267314,50.2095147,AVS14,14,1761823.68036992,6482639.46982209
Univerzita  Hradec Králové,18440,Pedagogická fakulta,Filologie,P7310,Teorie a dějiny české literatury,8106V004,1,Královehradecký kraj,CZ052,Hradec Králové ,CZ0521,Hradec Králové,5205,Hradec Králové ,569810,náměstí Svobody ,301,č.p.,,50002,https://www.uhk.cz/cs/pedagogicka-fakulta/pdf,POINT(50.2095147  15.8267314),15.8267314,50.2095147,AVS15,15,1761823.68036992,6482639.46982209
Univerzita  Hradec Králové,18440,Pedagogická fakulta,Hra na nástroj se zaměřením na vzdělávání,B0114A300054,,,1,Královehradecký kraj,CZ052,Hradec Králové ,CZ0521,Hradec Králové,5205,Hradec Králové ,569810,náměstí Svobody ,301,č.p.,,50002,https://www.uhk.cz/cs/pedagogicka-fakulta/pdf,POINT(50.2095147  15.8267314),15.8267314,50.2095147,AVS16,16,1761823.68036992,6482639.46982209
Univerzita  Hradec Králové,18440,Pedagogická fakulta,Hudební kultura se zaměřením na vzdělávání,B0114A300055,,,1,Královehradecký kraj,CZ052,Hradec Králové ,CZ0521,Hradec Králové,5205,Hradec Králové ,569810,náměstí Svobody ,301,č.p.,,50002,https://www.uhk.cz/cs/pedagogicka-fakulta/pdf,POINT(50.2095147  15.8267314),15.8267314,50.2095147,AVS17,17,1761823.68036992,6482639.46982209
Univerzita  Hradec Králové,18440,Pedagogická fakulta,Humanitní studia,B6107,,,22,Královehradecký kraj,CZ052,Hradec Králové ,CZ0521,Hradec Králové,5205,Hradec Králové ,569810,náměstí Svobody ,301,č.p.,,50002,https://www.uhk.cz/cs/pedagogicka-fakulta/pdf,POINT(50.2095147  15.8267314),15.8267314,50.2095147,AVS18,18,1761823.68036992,6482639.46982209
Univerzita  Hradec Králové,18440,Pedagogická fakulta,Humanitní studia,B6107,Transkulturní komunikace,7507R090,22,Královehradecký kraj,CZ052,Hradec Králové ,CZ0521,Hradec Králové,5205,Hradec Králové ,569810,náměstí Svobody ,301,č.p.,,50002,https://www.uhk.cz/cs/pedagogicka-fakulta/pdf,POINT(50.2095147  15.8267314),15.8267314,50.2095147,AVS19,19,1761823.68036992,6482639.46982209
Univerzita  Hradec Králové,18440,Pedagogická fakulta,Pedagogika předškolního věku se zaměřením na děti se speciálními potřebami,N0112A300001,,,22,Královehradecký kraj,CZ052,Hradec Králové ,CZ0521,Hradec Králové,5205,Hradec Králové ,569810,náměstí Svobody ,301,č.p.,,50002,https://www.uhk.cz/cs/pedagogicka-fakulta/pdf,POINT(50.2095147  15.8267314),15.8267314,50.2095147,AVS20,20,1761823.68036992,6482639.46982209
Univerzita  Hradec Králové,18440,Pedagogická fakulta,Předškolní a mimoškolní pedagogika,N7531,,,8,Královehradecký kraj,CZ052,Hradec Králové ,CZ0521,Hradec Králové,5205,Hradec Králové ,569810,náměstí Svobody ,301,č.p.,,50002,https://www.uhk.cz/cs/pedagogicka-fakulta/pdf,POINT(50.2095147  15.8267314),15.8267314,50.2095147,AVS21,21,1761823.68036992,6482639.46982209
Univerzita  Hradec Králové,18440,Pedagogická fakulta,Předškolní a mimoškolní pedagogika,N7531,Pedagogika předškolního věku,7501T010,8,Královehradecký kraj,CZ052,Hradec Králové ,CZ0521,Hradec Králové,5205,Hradec Králové ,569810,náměstí Svobody ,301,č.p.,,50002,https://www.uhk.cz/cs/pedagogicka-fakulta/pdf,POINT(50.2095147  15.8267314),15.8267314,50.2095147,AVS22,22,1761823.68036992,6482639.46982209
Univerzita  Hradec Králové,18440,Pedagogická fakulta,Specializace v pedagogice,B7507,,,189,Královehradecký kraj,CZ052,Hradec Králové ,CZ0521,Hradec Králové,5205,Hradec Králové ,569810,náměstí Svobody ,301,č.p.,,50002,https://www.uhk.cz/cs/pedagogicka-fakulta/pdf,POINT(50.2095147  15.8267314),15.8267314,50.2095147,AVS23,23,1761823.68036992,6482639.46982209
Univerzita  Hradec Králové,18440,Pedagogická fakulta,Specializace v pedagogice,N7507,,,74,Královehradecký kraj,CZ052,Hradec Králové ,CZ0521,Hradec Králové,5205,Hradec Králové ,569810,náměstí Svobody ,301,č.p.,,50002,https://www.uhk.cz/cs/pedagogicka-fakulta/pdf,POINT(50.2095147  15.8267314),15.8267314,50.2095147,AVS24,24,1761823.68036992,6482639.46982209
Univerzita  Hradec Králové,18440,Pedagogická fakulta,Specializace v pedagogice,P7507,,,5,Královehradecký kraj,CZ052,Hradec Králové ,CZ0521,Hradec Králové,5205,Hradec Králové ,569810,náměstí Svobody ,301,č.p.,,50002,https://www.uhk.cz/cs/pedagogicka-fakulta/pdf,POINT(50.2095147  15.8267314),15.8267314,50.2095147,AVS25,25,1761823.68036992,6482639.46982209
Univerzita  Hradec Králové,18440,Pedagogická fakulta,Specializace v pedagogice,B7507,Český jazyk se zaměřením na vzdělávání,7507R037,2,Královehradecký kraj,CZ052,Hradec Králové ,CZ0521,Hradec Králové,5205,Hradec Králové ,569810,náměstí Svobody ,301,č.p.,,50002,https://www.uhk.cz/cs/pedagogicka-fakulta/pdf,POINT(50.2095147  15.8267314),15.8267314,50.2095147,AVS26,26,1761823.68036992,6482639.46982209
Univerzita  Hradec Králové,18440,Pedagogická fakulta,Specializace v pedagogice,B7507,Grafická tvorba - multimédia,7507R057,13,Královehradecký kraj,CZ052,Hradec Králové ,CZ0521,Hradec Králové,5205,Hradec Králové ,569810,náměstí Svobody ,301,č.p.,,50002,https://www.uhk.cz/cs/pedagogicka-fakulta/pdf,POINT(50.2095147  15.8267314),15.8267314,50.2095147,AVS27,27,1761823.68036992,6482639.46982209
Univerzita  Hradec Králové,18440,Pedagogická fakulta,Specializace v pedagogice,B7507,Historie se zaměřením na vzdělávání,7105R056,16,Královehradecký kraj,CZ052,Hradec Králové ,CZ0521,Hradec Králové,5205,Hradec Králové ,569810,náměstí Svobody ,301,č.p.,,50002,https://www.uhk.cz/cs/pedagogicka-fakulta/pdf,POINT(50.2095147  15.8267314),15.8267314,50.2095147,AVS28,28,1761823.68036992,6482639.46982209
Univerzita  Hradec Králové,18440,Pedagogická fakulta,Specializace v pedagogice,B7507,Hudební kultura se zaměřením na vzdělávání,7507R029,4,Královehradecký kraj,CZ052,Hradec Králové ,CZ0521,Hradec Králové,5205,Hradec Králové ,569810,náměstí Svobody ,301,č.p.,,50002,https://www.uhk.cz/cs/pedagogicka-fakulta/pdf,POINT(50.2095147  15.8267314),15.8267314,50.2095147,AVS29,29,1761823.68036992,6482639.46982209
Univerzita  Hradec Králové,18440,Pedagogická fakulta,Specializace v pedagogice,P7507,Hudební teorie a pedagogika,7501V005,1,Královehradecký kraj,CZ052,Hradec Králové ,CZ0521,Hradec Králové,5205,Hradec Králové ,569810,náměstí Svobody ,301,č.p.,,50002,https://www.uhk.cz/cs/pedagogicka-fakulta/pdf,POINT(50.2095147  15.8267314),15.8267314,50.2095147,AVS30,30,1761823.68036992,6482639.46982209
Univerzita  Hradec Králové,18440,Pedagogická fakulta,Specializace v pedagogice,P7507,Informační a komunikační technologie ve vzdělávání,7507V066,4,Královehradecký kraj,CZ052,Hradec Králové ,CZ0521,Hradec Králové,5205,Hradec Králové ,569810,náměstí Svobody ,301,č.p.,,50002,https://www.uhk.cz/cs/pedagogicka-fakulta/pdf,POINT(50.2095147  15.8267314),15.8267314,50.2095147,AVS31,31,1761823.68036992,6482639.46982209
Univerzita  Hradec Králové,18440,Pedagogická fakulta,Specializace v pedagogice,B7507,Náboženská výchova a etika,7501R023,8,Královehradecký kraj,CZ052,Hradec Králové ,CZ0521,Hradec Králové,5205,Hradec Králové ,569810,náměstí Svobody ,301,č.p.,,50002,https://www.uhk.cz/cs/pedagogicka-fakulta/pdf,POINT(50.2095147  15.8267314),15.8267314,50.2095147,AVS32,32,1761823.68036992,6482639.46982209
Univerzita  Hradec Králové,18440,Pedagogická fakulta,Specializace v pedagogice,B7507,Ruský jazyk se zaměřením na vzdělávání,7507R060,1,Královehradecký kraj,CZ052,Hradec Králové ,CZ0521,Hradec Králové,5205,Hradec Králové ,569810,náměstí Svobody ,301,č.p.,,50002,https://www.uhk.cz/cs/pedagogicka-fakulta/pdf,POINT(50.2095147  15.8267314),15.8267314,50.2095147,AVS33,33,1761823.68036992,6482639.46982209
Univerzita  Hradec Králové,18440,Pedagogická fakulta,Specializace v pedagogice,B7507,Sociální komunikace v neziskovém sektoru,7507R095,12,Královehradecký kraj,CZ052,Hradec Králové ,CZ0521,Hradec Králové,5205,Hradec Králové ,569810,náměstí Svobody ,301,č.p.,,50002,https://www.uhk.cz/cs/pedagogicka-fakulta/pdf,POINT(50.2095147  15.8267314),15.8267314,50.2095147,AVS34,34,1761823.68036992,6482639.46982209
Univerzita  Hradec Králové,18440,Pedagogická fakulta,Specializace v pedagogice,B7507,Sociální patologie a prevence,7502R008,57,Královehradecký kraj,CZ052,Hradec Králové ,CZ0521,Hradec Králové,5205,Hradec Králové ,569810,náměstí Svobody ,301,č.p.,,50002,https://www.uhk.cz/cs/pedagogicka-fakulta/pdf,POINT(50.2095147  15.8267314),15.8267314,50.2095147,AVS35,35,1761823.68036992,6482639.46982209
Univerzita  Hradec Králové,18440,Pedagogická fakulta,Specializace v pedagogice,N7507,Sociální pedagogika,7502T011,63,Královehradecký kraj,CZ052,Hradec Králové ,CZ0521,Hradec Králové,5205,Hradec Králové ,569810,náměstí Svobody ,301,č.p.,,50002,https://www.uhk.cz/cs/pedagogicka-fakulta/pdf,POINT(50.2095147  15.8267314),15.8267314,50.2095147,AVS36,36,1761823.68036992,6482639.46982209
Univerzita  Hradec Králové,18440,Pedagogická fakulta,Specializace v pedagogice,B7507,Sociální pedagogika se zaměřením na výchovnou práci v etopedických zařízeních,7505R023,30,Královehradecký kraj,CZ052,Hradec Králové ,CZ0521,Hradec Králové,5205,Hradec Králové ,569810,náměstí Svobody ,301,č.p.,,50002,https://www.uhk.cz/cs/pedagogicka-fakulta/pdf,POINT(50.2095147  15.8267314),15.8267314,50.2095147,AVS37,37,1761823.68036992,6482639.46982209
Univerzita  Hradec Králové,18440,Pedagogická fakulta,Specializace v pedagogice,B7507,Společenské vědy se zaměřením na vzdělávání,7507R030,7,Královehradecký kraj,CZ052,Hradec Králové ,CZ0521,Hradec Králové,5205,Hradec Králové ,569810,náměstí Svobody ,301,č.p.,,50002,https://www.uhk.cz/cs/pedagogicka-fakulta/pdf,POINT(50.2095147  15.8267314),15.8267314,50.2095147,AVS38,38,1761823.68036992,6482639.46982209
Univerzita  Hradec Králové,18440,Pedagogická fakulta,Specializace v pedagogice,B7507,Tělesná výchova a sport se zaměřením na vzdělávání,7507R043,4,Královehradecký kraj,CZ052,Hradec Králové ,CZ0521,Hradec Králové,5205,Hradec Králové ,569810,náměstí Svobody ,301,č.p.,,50002,https://www.uhk.cz/cs/pedagogicka-fakulta/pdf,POINT(50.2095147  15.8267314),15.8267314,50.2095147,AVS39,39,1761823.68036992,6482639.46982209
Univerzita  Hradec Králové,18440,Pedagogická fakulta,Specializace v pedagogice,B7507,Učitelství praktického vyučování,7504R271,10,Královehradecký kraj,CZ052,Hradec Králové ,CZ0521,Hradec Králové,5205,Hradec Králové ,569810,náměstí Svobody ,301,č.p.,,50002,https://www.uhk.cz/cs/pedagogicka-fakulta/pdf,POINT(50.2095147  15.8267314),15.8267314,50.2095147,AVS40,40,1761823.68036992,6482639.46982209
Univerzita  Hradec Králové,18440,Pedagogická fakulta,Specializace v pedagogice,B7507,Učitelství pro mateřské školy,7531R001,16,Královehradecký kraj,CZ052,Hradec Králové ,CZ0521,Hradec Králové,5205,Hradec Králové ,569810,náměstí Svobody ,301,č.p.,,50002,https://www.uhk.cz/cs/pedagogicka-fakulta/pdf,POINT(50.2095147  15.8267314),15.8267314,50.2095147,AVS41,41,1761823.68036992,6482639.46982209
Univerzita  Hradec Králové,18440,Pedagogická fakulta,Specializace v pedagogice,N7507,Učitelství výtvarné výchovy pro základní umělecké školy a střední školy,7504T338,11,Královehradecký kraj,CZ052,Hradec Králové ,CZ0521,Hradec Králové,5205,Hradec Králové ,569810,náměstí Svobody ,301,č.p.,,50002,https://www.uhk.cz/cs/pedagogicka-fakulta/pdf,POINT(50.2095147  15.8267314),15.8267314,50.2095147,AVS42,42,1761823.68036992,6482639.46982209
Univerzita  Hradec Králové,18440,Pedagogická fakulta,Specializace v pedagogice,B7507,Uměleckopedagogické studium - textilní tvorba,7507R006,4,Královehradecký kraj,CZ052,Hradec Králové ,CZ0521,Hradec Králové,5205,Hradec Králové ,569810,náměstí Svobody ,301,č.p.,,50002,https://www.uhk.cz/cs/pedagogicka-fakulta/pdf,POINT(50.2095147  15.8267314),15.8267314,50.2095147,AVS43,43,1761823.68036992,6482639.46982209
Univerzita  Hradec Králové,18440,Pedagogická fakulta,Specializace v pedagogice,B7507,Výtvarná tvorba se zaměřením na vzdělávání,7507R032,5,Královehradecký kraj,CZ052,Hradec Králové ,CZ0521,Hradec Králové,5205,Hradec Králové ,569810,náměstí Svobody ,301,č.p.,,50002,https://www.uhk.cz/cs/pedagogicka-fakulta/pdf,POINT(50.2095147  15.8267314),15.8267314,50.2095147,AVS44,44,1761823.68036992,6482639.46982209
Univerzita  Hradec Králové,18440,Pedagogická fakulta,Speciální pedagogika,B7506,,,44,Královehradecký kraj,CZ052,Hradec Králové ,CZ0521,Hradec Králové,5205,Hradec Králové ,569810,náměstí Svobody ,301,č.p.,,50002,https://www.uhk.cz/cs/pedagogicka-fakulta/pdf,POINT(50.2095147  15.8267314),15.8267314,50.2095147,AVS45,45,1761823.68036992,6482639.46982209
Univerzita  Hradec Králové,18440,Pedagogická fakulta,Speciální pedagogika,B7506,Speciální pedagogika – intervence,7506R052,22,Královehradecký kraj,CZ052,Hradec Králové ,CZ0521,Hradec Králové,5205,Hradec Králové ,569810,náměstí Svobody ,301,č.p.,,50002,https://www.uhk.cz/cs/pedagogicka-fakulta/pdf,POINT(50.2095147  15.8267314),15.8267314,50.2095147,AVS46,46,1761823.68036992,6482639.46982209
Univerzita  Hradec Králové,18440,Pedagogická fakulta,Speciální pedagogika,B7506,Výchovná práce ve speciálních zařízeních,7506R025,22,Královehradecký kraj,CZ052,Hradec Králové ,CZ0521,Hradec Králové,5205,Hradec Králové ,569810,náměstí Svobody ,301,č.p.,,50002,https://www.uhk.cz/cs/pedagogicka-fakulta/pdf,POINT(50.2095147  15.8267314),15.8267314,50.2095147,AVS47,47,1761823.68036992,6482639.46982209
Univerzita  Hradec Králové,18440,Pedagogická fakulta,Tělesná výchova se zaměřením na vzdělávání,B0114A300058,,,1,Královehradecký kraj,CZ052,Hradec Králové ,CZ0521,Hradec Králové,5205,Hradec Králové ,569810,náměstí Svobody ,301,č.p.,,50002,https://www.uhk.cz/cs/pedagogicka-fakulta/pdf,POINT(50.2095147  15.8267314),15.8267314,50.2095147,AVS48,48,1761823.68036992,6482639.46982209
Univerzita  Hradec Králové,18440,Pedagogická fakulta,Transkulturní komunikace,N0288A100001,,,2,Královehradecký kraj,CZ052,Hradec Králové ,CZ0521,Hradec Králové,5205,Hradec Králové ,569810,náměstí Svobody ,301,č.p.,,50002,https://www.uhk.cz/cs/pedagogicka-fakulta/pdf,POINT(50.2095147  15.8267314),15.8267314,50.2095147,AVS49,49,1761823.68036992,6482639.46982209
Univerzita  Hradec Králové,18440,Pedagogická fakulta,Učitelství pro 2. stupeň základních škol,N0114A300051,,,1,Královehradecký kraj,CZ052,Hradec Králové ,CZ0521,Hradec Králové,5205,Hradec Králové ,569810,náměstí Svobody ,301,č.p.,,50002,https://www.uhk.cz/cs/pedagogicka-fakulta/pdf,POINT(50.2095147  15.8267314),15.8267314,50.2095147,AVS50,50,1761823.68036992,6482639.46982209
Univerzita  Hradec Králové,18440,Pedagogická fakulta,Učitelství pro mateřské školy,B0112A300001,,,19,Královehradecký kraj,CZ052,Hradec Králové ,CZ0521,Hradec Králové,5205,Hradec Králové ,569810,náměstí Svobody ,301,č.p.,,50002,https://www.uhk.cz/cs/pedagogicka-fakulta/pdf,POINT(50.2095147  15.8267314),15.8267314,50.2095147,AVS51,51,1761823.68036992,6482639.46982209
Univerzita  Hradec Králové,18440,Pedagogická fakulta,Učitelství pro střední školy,N0114A300053,,,14,Královehradecký kraj,CZ052,Hradec Králové ,CZ0521,Hradec Králové,5205,Hradec Králové ,569810,náměstí Svobody ,301,č.p.,,50002,https://www.uhk.cz/cs/pedagogicka-fakulta/pdf,POINT(50.2095147  15.8267314),15.8267314,50.2095147,AVS52,52,1761823.68036992,6482639.46982209
Univerzita  Hradec Králové,18440,Pedagogická fakulta,Učitelství pro střední školy,N7504,,,14,Královehradecký kraj,CZ052,Hradec Králové ,CZ0521,Hradec Králové,5205,Hradec Králové ,569810,náměstí Svobody ,301,č.p.,,50002,https://www.uhk.cz/cs/pedagogicka-fakulta/pdf,POINT(50.2095147  15.8267314),15.8267314,50.2095147,AVS53,53,1761823.68036992,6482639.46982209
Univerzita  Hradec Králové,18440,Pedagogická fakulta,Učitelství pro střední školy,N7504,Učitelství pro střední školy - dějepis,7504T256,3,Královehradecký kraj,CZ052,Hradec Králové ,CZ0521,Hradec Králové,5205,Hradec Králové ,569810,náměstí Svobody ,301,č.p.,,50002,https://www.uhk.cz/cs/pedagogicka-fakulta/pdf,POINT(50.2095147  15.8267314),15.8267314,50.2095147,AVS54,54,1761823.68036992,6482639.46982209
Univerzita  Hradec Králové,18440,Pedagogická fakulta,Učitelství pro střední školy,N7504,Učitelství pro střední školy - hudební výchova,7504T259,3,Královehradecký kraj,CZ052,Hradec Králové ,CZ0521,Hradec Králové,5205,Hradec Králové ,569810,náměstí Svobody ,301,č.p.,,50002,https://www.uhk.cz/cs/pedagogicka-fakulta/pdf,POINT(50.2095147  15.8267314),15.8267314,50.2095147,AVS55,55,1761823.68036992,6482639.46982209
Univerzita  Hradec Králové,18440,Pedagogická fakulta,Učitelství pro střední školy,N7504,Učitelství pro střední školy - informatika,7504T261,2,Královehradecký kraj,CZ052,Hradec Králové ,CZ0521,Hradec Králové,5205,Hradec Králové ,569810,náměstí Svobody ,301,č.p.,,50002,https://www.uhk.cz/cs/pedagogicka-fakulta/pdf,POINT(50.2095147  15.8267314),15.8267314,50.2095147,AVS56,56,1761823.68036992,6482639.46982209
Univerzita  Hradec Králové,18440,Pedagogická fakulta,Učitelství pro střední školy,N7504,Učitelství pro střední školy - tělesná výchova,7504T265,3,Královehradecký kraj,CZ052,Hradec Králové ,CZ0521,Hradec Králové,5205,Hradec Králové ,569810,náměstí Svobody ,301,č.p.,,50002,https://www.uhk.cz/cs/pedagogicka-fakulta/pdf,POINT(50.2095147  15.8267314),15.8267314,50.2095147,AVS57,57,1761823.68036992,6482639.46982209
Univerzita  Hradec Králové,18440,Pedagogická fakulta,Učitelství pro střední školy,N7504,Učitelství pro střední školy - výtvarná výchova,7504T266,1,Královehradecký kraj,CZ052,Hradec Králové ,CZ0521,Hradec Králové,5205,Hradec Králové ,569810,náměstí Svobody ,301,č.p.,,50002,https://www.uhk.cz/cs/pedagogicka-fakulta/pdf,POINT(50.2095147  15.8267314),15.8267314,50.2095147,AVS58,58,1761823.68036992,6482639.46982209
Univerzita  Hradec Králové,18440,Pedagogická fakulta,Učitelství pro střední školy,N7504,Učitelství pro střední školy - základy společenských věd,7504T267,1,Královehradecký kraj,CZ052,Hradec Králové ,CZ0521,Hradec Králové,5205,Hradec Králové ,569810,náměstí Svobody ,301,č.p.,,50002,https://www.uhk.cz/cs/pedagogicka-fakulta/pdf,POINT(50.2095147  15.8267314),15.8267314,50.2095147,AVS59,59,1761823.68036992,6482639.46982209
Univerzita  Hradec Králové,18440,Pedagogická fakulta,Učitelství pro střední školy,N7504,Učitelství pro střední školy - základy techniky,7504T113,1,Královehradecký kraj,CZ052,Hradec Králové ,CZ0521,Hradec Králové,5205,Hradec Králové ,569810,náměstí Svobody ,301,č.p.,,50002,https://www.uhk.cz/cs/pedagogicka-fakulta/pdf,POINT(50.2095147  15.8267314),15.8267314,50.2095147,AVS60,60,1761823.68036992,6482639.46982209
Univerzita  Hradec Králové,18440,Pedagogická fakulta,Učitelství pro základní školy,M7503,,,101,Královehradecký kraj,CZ052,Hradec Králové ,CZ0521,Hradec Králové,5205,Hradec Králové ,569810,náměstí Svobody ,301,č.p.,,50002,https://www.uhk.cz/cs/pedagogicka-fakulta/pdf,POINT(50.2095147  15.8267314),15.8267314,50.2095147,AVS61,61,1761823.68036992,6482639.46982209
Univerzita  Hradec Králové,18440,Pedagogická fakulta,Učitelství pro základní školy,N7503,,,6,Královehradecký kraj,CZ052,Hradec Králové ,CZ0521,Hradec Králové,5205,Hradec Králové ,569810,náměstí Svobody ,301,č.p.,,50002,https://www.uhk.cz/cs/pedagogicka-fakulta/pdf,POINT(50.2095147  15.8267314),15.8267314,50.2095147,AVS62,62,1761823.68036992,6482639.46982209
Univerzita  Hradec Králové,18440,Pedagogická fakulta,Učitelství pro základní školy,M7503,Učitelství pro 1. stupeň základní školy,7503T047,66,Královehradecký kraj,CZ052,Hradec Králové ,CZ0521,Hradec Králové,5205,Hradec Králové ,569810,náměstí Svobody ,301,č.p.,,50002,https://www.uhk.cz/cs/pedagogicka-fakulta/pdf,POINT(50.2095147  15.8267314),15.8267314,50.2095147,AVS63,63,1761823.68036992,6482639.46982209
Univerzita  Hradec Králové,18440,Pedagogická fakulta,Učitelství pro základní školy,N7503,Učitelství pro 2. stupeň základních škol - anglický jazyk a literatura,7503T160,1,Královehradecký kraj,CZ052,Hradec Králové ,CZ0521,Hradec Králové,5205,Hradec Králové ,569810,náměstí Svobody ,301,č.p.,,50002,https://www.uhk.cz/cs/pedagogicka-fakulta/pdf,POINT(50.2095147  15.8267314),15.8267314,50.2095147,AVS64,64,1761823.68036992,6482639.46982209
Univerzita  Hradec Králové,18440,Pedagogická fakulta,Učitelství pro základní školy,M7503,Učitelství pro 2. stupeň základních škol - ruský jazyk a literatura,7503T164,2,Královehradecký kraj,CZ052,Hradec Králové ,CZ0521,Hradec Králové,5205,Hradec Králové ,569810,náměstí Svobody ,301,č.p.,,50002,https://www.uhk.cz/cs/pedagogicka-fakulta/pdf,POINT(50.2095147  15.8267314),15.8267314,50.2095147,AVS65,65,1761823.68036992,6482639.46982209
Univerzita  Hradec Králové,18440,Pedagogická fakulta,Učitelství pro základní školy,M7503,Učitelství pro 2. stupeň ZŠ - anglický jazyk,7503T063,10,Královehradecký kraj,CZ052,Hradec Králové ,CZ0521,Hradec Králové,5205,Hradec Králové ,569810,náměstí Svobody ,301,č.p.,,50002,https://www.uhk.cz/cs/pedagogicka-fakulta/pdf,POINT(50.2095147  15.8267314),15.8267314,50.2095147,AVS66,66,1761823.68036992,6482639.46982209
Univerzita  Hradec Králové,18440,Pedagogická fakulta,Učitelství pro základní školy,M7503,Učitelství pro 2. stupeň ZŠ - biologie,7503T064,3,Královehradecký kraj,CZ052,Hradec Králové ,CZ0521,Hradec Králové,5205,Hradec Králové ,569810,náměstí Svobody ,301,č.p.,,50002,https://www.uhk.cz/cs/pedagogicka-fakulta/pdf,POINT(50.2095147  15.8267314),15.8267314,50.2095147,AVS67,67,1761823.68036992,6482639.46982209
Univerzita  Hradec Králové,18440,Pedagogická fakulta,Učitelství pro základní školy,N7503,Učitelství pro 2. stupeň ZŠ - biologie,7503T064,1,Královehradecký kraj,CZ052,Hradec Králové ,CZ0521,Hradec Králové,5205,Hradec Králové ,569810,náměstí Svobody ,301,č.p.,,50002,https://www.uhk.cz/cs/pedagogicka-fakulta/pdf,POINT(50.2095147  15.8267314),15.8267314,50.2095147,AVS68,68,1761823.68036992,6482639.46982209
Univerzita  Hradec Králové,18440,Pedagogická fakulta,Učitelství pro základní školy,M7503,Učitelství pro 2. stupeň ZŠ - český jazyk,7503T065,7,Královehradecký kraj,CZ052,Hradec Králové ,CZ0521,Hradec Králové,5205,Hradec Králové ,569810,náměstí Svobody ,301,č.p.,,50002,https://www.uhk.cz/cs/pedagogicka-fakulta/pdf,POINT(50.2095147  15.8267314),15.8267314,50.2095147,AVS69,69,1761823.68036992,6482639.46982209
Univerzita  Hradec Králové,18440,Pedagogická fakulta,Učitelství pro základní školy,M7503,Učitelství pro 2. stupeň ZŠ - dějepis,7503T066,4,Královehradecký kraj,CZ052,Hradec Králové ,CZ0521,Hradec Králové,5205,Hradec Králové ,569810,náměstí Svobody ,301,č.p.,,50002,https://www.uhk.cz/cs/pedagogicka-fakulta/pdf,POINT(50.2095147  15.8267314),15.8267314,50.2095147,AVS70,70,1761823.68036992,6482639.46982209
Univerzita  Hradec Králové,18440,Pedagogická fakulta,Učitelství pro základní školy,M7503,Učitelství pro 2. stupeň ZŠ - francouzský jazyk,7503T067,3,Královehradecký kraj,CZ052,Hradec Králové ,CZ0521,Hradec Králové,5205,Hradec Králové ,569810,náměstí Svobody ,301,č.p.,,50002,https://www.uhk.cz/cs/pedagogicka-fakulta/pdf,POINT(50.2095147  15.8267314),15.8267314,50.2095147,AVS71,71,1761823.68036992,6482639.46982209
Univerzita  Hradec Králové,18440,Pedagogická fakulta,Učitelství pro základní školy,M7503,Učitelství pro 2. stupeň ZŠ - fyzika,7503T068,1,Královehradecký kraj,CZ052,Hradec Králové ,CZ0521,Hradec Králové,5205,Hradec Králové ,569810,náměstí Svobody ,301,č.p.,,50002,https://www.uhk.cz/cs/pedagogicka-fakulta/pdf,POINT(50.2095147  15.8267314),15.8267314,50.2095147,AVS72,72,1761823.68036992,6482639.46982209
Univerzita  Hradec Králové,18440,Pedagogická fakulta,Učitelství pro základní školy,M7503,Učitelství pro 2. stupeň ZŠ - hudební výchova,7503T069,2,Královehradecký kraj,CZ052,Hradec Králové ,CZ0521,Hradec Králové,5205,Hradec Králové ,569810,náměstí Svobody ,301,č.p.,,50002,https://www.uhk.cz/cs/pedagogicka-fakulta/pdf,POINT(50.2095147  15.8267314),15.8267314,50.2095147,AVS73,73,1761823.68036992,6482639.46982209
Univerzita  Hradec Králové,18440,Pedagogická fakulta,Učitelství pro základní školy,N7503,Učitelství pro 2. stupeň ZŠ - hudební výchova,7503T069,1,Královehradecký kraj,CZ052,Hradec Králové ,CZ0521,Hradec Králové,5205,Hradec Králové ,569810,náměstí Svobody ,301,č.p.,,50002,https://www.uhk.cz/cs/pedagogicka-fakulta/pdf,POINT(50.2095147  15.8267314),15.8267314,50.2095147,AVS74,74,1761823.68036992,6482639.46982209
Univerzita  Hradec Králové,18440,Pedagogická fakulta,Učitelství pro základní školy,M7503,Učitelství pro 2. stupeň ZŠ - informatika,7503T071,1,Královehradecký kraj,CZ052,Hradec Králové ,CZ0521,Hradec Králové,5205,Hradec Králové ,569810,náměstí Svobody ,301,č.p.,,50002,https://www.uhk.cz/cs/pedagogicka-fakulta/pdf,POINT(50.2095147  15.8267314),15.8267314,50.2095147,AVS75,75,1761823.68036992,6482639.46982209
Univerzita  Hradec Králové,18440,Pedagogická fakulta,Učitelství pro základní školy,N7503,Učitelství pro 2. stupeň ZŠ - matematika,7503T072,1,Královehradecký kraj,CZ052,Hradec Králové ,CZ0521,Hradec Králové,5205,Hradec Králové ,569810,náměstí Svobody ,301,č.p.,,50002,https://www.uhk.cz/cs/pedagogicka-fakulta/pdf,POINT(50.2095147  15.8267314),15.8267314,50.2095147,AVS76,76,1761823.68036992,6482639.46982209
Univerzita  Hradec Králové,18440,Pedagogická fakulta,Učitelství pro základní školy,M7503,Učitelství pro 2. stupeň ZŠ - německý jazyk,7503T073,1,Královehradecký kraj,CZ052,Hradec Králové ,CZ0521,Hradec Králové,5205,Hradec Králové ,569810,náměstí Svobody ,301,č.p.,,50002,https://www.uhk.cz/cs/pedagogicka-fakulta/pdf,POINT(50.2095147  15.8267314),15.8267314,50.2095147,AVS77,77,1761823.68036992,6482639.46982209
Univerzita  Hradec Králové,18440,Pedagogická fakulta,Učitelství pro základní školy,N7503,Učitelství pro 2. stupeň ZŠ - občanská nauka,7503T074,2,Královehradecký kraj,CZ052,Hradec Králové ,CZ0521,Hradec Králové,5205,Hradec Králové ,569810,náměstí Svobody ,301,č.p.,,50002,https://www.uhk.cz/cs/pedagogicka-fakulta/pdf,POINT(50.2095147  15.8267314),15.8267314,50.2095147,AVS78,78,1761823.68036992,6482639.46982209
Univerzita  Hradec Králové,18440,Pedagogická fakulta,Učitelství pro základní školy,M7503,Učitelství pro 2. stupeň ZŠ - ruský jazyk,7503T075,1,Královehradecký kraj,CZ052,Hradec Králové ,CZ0521,Hradec Králové,5205,Hradec Králové ,569810,náměstí Svobody ,301,č.p.,,50002,https://www.uhk.cz/cs/pedagogicka-fakulta/pdf,POINT(50.2095147  15.8267314),15.8267314,50.2095147,AVS79,79,1761823.68036992,6482639.46982209
Univerzita  Hradec Králové,18440,Pedagogická fakulta,Učitelství pro ZUŠ – hra na nástroj a sólový zpěv,N0114A300050,,,1,Královehradecký kraj,CZ052,Hradec Králové ,CZ0521,Hradec Králové,5205,Hradec Králové ,569810,náměstí Svobody ,301,č.p.,,50002,https://www.uhk.cz/cs/pedagogicka-fakulta/pdf,POINT(50.2095147  15.8267314),15.8267314,50.2095147,AVS80,80,1761823.68036992,6482639.46982209
Univerzita  Hradec Králové,18440,Pedagogická fakulta,Vychovatelství,B7505,,,1,Královehradecký kraj,CZ052,Hradec Králové ,CZ0521,Hradec Králové,5205,Hradec Králové ,569810,náměstí Svobody ,301,č.p.,,50002,https://www.uhk.cz/cs/pedagogicka-fakulta/pdf,POINT(50.2095147  15.8267314),15.8267314,50.2095147,AVS81,81,1761823.68036992,6482639.46982209
Univerzita  Hradec Králové,18440,Pedagogická fakulta,Vychovatelství,B7505,Pedagogika volného času se zaměřením na tělesnou výchovu a sport,7505R019,1,Královehradecký kraj,CZ052,Hradec Králové ,CZ0521,Hradec Králové,5205,Hradec Králové ,569810,náměstí Svobody ,301,č.p.,,50002,https://www.uhk.cz/cs/pedagogicka-fakulta/pdf,POINT(50.2095147  15.8267314),15.8267314,50.2095147,AVS82,82,1761823.68036992,6482639.46982209
Univerzita  Hradec Králové,18440,Pedagogická fakulta,Výtvarná tvorba se zaměřením na vzdělávání,B0114A300057,,,1,Královehradecký kraj,CZ052,Hradec Králové ,CZ0521,Hradec Králové,5205,Hradec Králové ,569810,náměstí Svobody ,301,č.p.,,50002,https://www.uhk.cz/cs/pedagogicka-fakulta/pdf,POINT(50.2095147  15.8267314),15.8267314,50.2095147,AVS83,83,1761823.68036992,6482639.46982209
Univerzita  Hradec Králové,18440,Pedagogická fakulta,Základy techniky se zaměřením na vzdělávání,B0114A300056,,,2,Královehradecký kraj,CZ052,Hradec Králové ,CZ0521,Hradec Králové,5205,Hradec Králové ,569810,náměstí Svobody ,301,č.p.,,50002,https://www.uhk.cz/cs/pedagogicka-fakulta/pdf,POINT(50.2095147  15.8267314),15.8267314,50.2095147,AVS84,84,1761823.68036992,6482639.46982209
Univerzita  Hradec Králové,18450,Fakulta informatiky a managementu,Aplikovaná informatika,B1802,,,61,Královehradecký kraj,CZ052,Hradec Králové ,CZ0521,Hradec Králové,5205,Hradec Králové ,569810,Hradecká ,1249,č.p.,6,50003,https://www.uhk.cz/cs/fakulta-informatiky-a-managementu/fim,POINT(50.2043000  15.8294000),15.8294,50.2043,AVS85,85,1762120.74756305,6481732.46628527
Univerzita  Hradec Králové,18450,Fakulta informatiky a managementu,Aplikovaná informatika,N1802,,,33,Královehradecký kraj,CZ052,Hradec Králové ,CZ0521,Hradec Králové,5205,Hradec Králové ,569810,Hradecká ,1249,č.p.,6,50003,https://www.uhk.cz/cs/fakulta-informatiky-a-managementu/fim,POINT(50.2043000  15.8294000),15.8294,50.2043,AVS86,86,1762120.74756305,6481732.46628527
Univerzita  Hradec Králové,18450,Fakulta informatiky a managementu,Aplikovaná informatika,P1802,,,1,Královehradecký kraj,CZ052,Hradec Králové ,CZ0521,Hradec Králové,5205,Hradec Králové ,569810,Hradecká ,1249,č.p.,6,50003,https://www.uhk.cz/cs/fakulta-informatiky-a-managementu/fim,POINT(50.2043000  15.8294000),15.8294,50.2043,AVS87,87,1762120.74756305,6481732.46628527
Univerzita  Hradec Králové,18450,Fakulta informatiky a managementu,Aplikovaná informatika,B1802,Aplikovaná informatika,1802R001,61,Královehradecký kraj,CZ052,Hradec Králové ,CZ0521,Hradec Králové,5205,Hradec Králové ,569810,Hradecká ,1249,č.p.,6,50003,https://www.uhk.cz/cs/fakulta-informatiky-a-managementu/fim,POINT(50.2043000  15.8294000),15.8294,50.2043,AVS88,88,1762120.74756305,6481732.46628527
Univerzita  Hradec Králové,18450,Fakulta informatiky a managementu,Aplikovaná informatika,N1802,Aplikovaná informatika,1802T001,33,Královehradecký kraj,CZ052,Hradec Králové ,CZ0521,Hradec Králové,5205,Hradec Králové ,569810,Hradecká ,1249,č.p.,6,50003,https://www.uhk.cz/cs/fakulta-informatiky-a-managementu/fim,POINT(50.2043000  15.8294000),15.8294,50.2043,AVS89,89,1762120.74756305,6481732.46628527
Univerzita  Hradec Králové,18450,Fakulta informatiky a managementu,Aplikovaná informatika,P1802,Aplikovaná informatika,1802V001,1,Královehradecký kraj,CZ052,Hradec Králové ,CZ0521,Hradec Králové,5205,Hradec Králové ,569810,Hradecká ,1249,č.p.,6,50003,https://www.uhk.cz/cs/fakulta-informatiky-a-managementu/fim,POINT(50.2043000  15.8294000),15.8294,50.2043,AVS90,90,1762120.74756305,6481732.46628527
Univerzita  Hradec Králové,18450,Fakulta informatiky a managementu,Ekonomika a management,B0413A050021,,,1,Královehradecký kraj,CZ052,Hradec Králové ,CZ0521,Hradec Králové,5205,Hradec Králové ,569810,Hradecká ,1249,č.p.,6,50003,https://www.uhk.cz/cs/fakulta-informatiky-a-managementu/fim,POINT(50.2043000  15.8294000),15.8294,50.2043,AVS91,91,1762120.74756305,6481732.46628527
Univerzita  Hradec Králové,18450,Fakulta informatiky a managementu,Ekonomika a management,B6208,,,77,Královehradecký kraj,CZ052,Hradec Králové ,CZ0521,Hradec Králové,5205,Hradec Králové ,569810,Hradecká ,1249,č.p.,6,50003,https://www.uhk.cz/cs/fakulta-informatiky-a-managementu/fim,POINT(50.2043000  15.8294000),15.8294,50.2043,AVS92,92,1762120.74756305,6481732.46628527
Univerzita  Hradec Králové,18450,Fakulta informatiky a managementu,Ekonomika a management,B6208,Finanční management,6208R113,37,Královehradecký kraj,CZ052,Hradec Králové ,CZ0521,Hradec Králové,5205,Hradec Králové ,569810,Hradecká ,1249,č.p.,6,50003,https://www.uhk.cz/cs/fakulta-informatiky-a-managementu/fim,POINT(50.2043000  15.8294000),15.8294,50.2043,AVS93,93,1762120.74756305,6481732.46628527
Univerzita  Hradec Králové,18450,Fakulta informatiky a managementu,Ekonomika a management,B6208,Management cestovního ruchu,6501R012,40,Královehradecký kraj,CZ052,Hradec Králové ,CZ0521,Hradec Králové,5205,Hradec Králové ,569810,Hradecká ,1249,č.p.,6,50003,https://www.uhk.cz/cs/fakulta-informatiky-a-managementu/fim,POINT(50.2043000  15.8294000),15.8294,50.2043,AVS94,94,1762120.74756305,6481732.46628527
Univerzita  Hradec Králové,18450,Fakulta informatiky a managementu,Informační management,B0688A140001,,,33,Královehradecký kraj,CZ052,Hradec Králové ,CZ0521,Hradec Králové,5205,Hradec Králové ,569810,Hradecká ,1249,č.p.,6,50003,https://www.uhk.cz/cs/fakulta-informatiky-a-managementu/fim,POINT(50.2043000  15.8294000),15.8294,50.2043,AVS95,95,1762120.74756305,6481732.46628527
Univerzita  Hradec Králové,18450,Fakulta informatiky a managementu,Informační management,N0688A140001,,,59,Královehradecký kraj,CZ052,Hradec Králové ,CZ0521,Hradec Králové,5205,Hradec Králové ,569810,Hradecká ,1249,č.p.,6,50003,https://www.uhk.cz/cs/fakulta-informatiky-a-managementu/fim,POINT(50.2043000  15.8294000),15.8294,50.2043,AVS96,96,1762120.74756305,6481732.46628527
Univerzita  Hradec Králové,18450,Fakulta informatiky a managementu,Information Management,B0688A140002,,,2,Královehradecký kraj,CZ052,Hradec Králové ,CZ0521,Hradec Králové,5205,Hradec Králové ,569810,Hradecká ,1249,č.p.,6,50003,https://www.uhk.cz/cs/fakulta-informatiky-a-managementu/fim,POINT(50.2043000  15.8294000),15.8294,50.2043,AVS97,97,1762120.74756305,6481732.46628527
Univerzita  Hradec Králové,18450,Fakulta informatiky a managementu,Systémové inženýrství a informatika,B6209,,,18,Královehradecký kraj,CZ052,Hradec Králové ,CZ0521,Hradec Králové,5205,Hradec Králové ,569810,Hradecká ,1249,č.p.,6,50003,https://www.uhk.cz/cs/fakulta-informatiky-a-managementu/fim,POINT(50.2043000  15.8294000),15.8294,50.2043,AVS98,98,1762120.74756305,6481732.46628527
Univerzita  Hradec Králové,18450,Fakulta informatiky a managementu,Systémové inženýrství a informatika,N6209,,,5,Královehradecký kraj,CZ052,Hradec Králové ,CZ0521,Hradec Králové,5205,Hradec Králové ,569810,Hradecká ,1249,č.p.,6,50003,https://www.uhk.cz/cs/fakulta-informatiky-a-managementu/fim,POINT(50.2043000  15.8294000),15.8294,50.2043,AVS99,99,1762120.74756305,6481732.46628527
Univerzita  Hradec Králové,18450,Fakulta informatiky a managementu,Systémové inženýrství a informatika,P6209,,,5,Královehradecký kraj,CZ052,Hradec Králové ,CZ0521,Hradec Králové,5205,Hradec Králové ,569810,Hradecká ,1249,č.p.,6,50003,https://www.uhk.cz/cs/fakulta-informatiky-a-managementu/fim,POINT(50.2043000  15.8294000),15.8294,50.2043,AVS100,100,1762120.74756305,6481732.46628527
Univerzita  Hradec Králové,18450,Fakulta informatiky a managementu,Systémové inženýrství a informatika,P6209,Informační a znalostní management,6209V014,5,Královehradecký kraj,CZ052,Hradec Králové ,CZ0521,Hradec Králové,5205,Hradec Králové ,569810,Hradecká ,1249,č.p.,6,50003,https://www.uhk.cz/cs/fakulta-informatiky-a-managementu/fim,POINT(50.2043000  15.8294000),15.8294,50.2043,AVS101,101,1762120.74756305,6481732.46628527
Univerzita  Hradec Králové,18450,Fakulta informatiky a managementu,Systémové inženýrství a informatika,B6209,Informační management,6209R015,18,Královehradecký kraj,CZ052,Hradec Králové ,CZ0521,Hradec Králové,5205,Hradec Králové ,569810,Hradecká ,1249,č.p.,6,50003,https://www.uhk.cz/cs/fakulta-informatiky-a-managementu/fim,POINT(50.2043000  15.8294000),15.8294,50.2043,AVS102,102,1762120.74756305,6481732.46628527
Univerzita  Hradec Králové,18450,Fakulta informatiky a managementu,Systémové inženýrství a informatika,N6209,Informační management,6209T015,5,Královehradecký kraj,CZ052,Hradec Králové ,CZ0521,Hradec Králové,5205,Hradec Králové ,569810,Hradecká ,1249,č.p.,6,50003,https://www.uhk.cz/cs/fakulta-informatiky-a-managementu/fim,POINT(50.2043000  15.8294000),15.8294,50.2043,AVS103,103,1762120.74756305,6481732.46628527
Univerzita  Hradec Králové,18460,Filozofická fakulta,Archeologie,B0222A120009,,,2,Královehradecký kraj,CZ052,Hradec Králové ,CZ0521,Hradec Králové,5205,Hradec Králové ,569810,náměstí Svobody ,331,č.p.,2,50002,https://www.uhk.cz/cs/filozoficka-fakulta/ff,POINT(50.2099128  15.8265475),15.8265475,50.2099128,AVS104,104,1761803.20871556,6482708.71624887
Univerzita  Hradec Králové,18460,Filozofická fakulta,Archeologie,B7109,,,3,Královehradecký kraj,CZ052,Hradec Králové ,CZ0521,Hradec Králové,5205,Hradec Králové ,569810,náměstí Svobody ,331,č.p.,2,50002,https://www.uhk.cz/cs/filozoficka-fakulta/ff,POINT(50.2099128  15.8265475),15.8265475,50.2099128,AVS105,105,1761803.20871556,6482708.71624887
Univerzita  Hradec Králové,18460,Filozofická fakulta,Archeologie,N7109,,,3,Královehradecký kraj,CZ052,Hradec Králové ,CZ0521,Hradec Králové,5205,Hradec Králové ,569810,náměstí Svobody ,331,č.p.,2,50002,https://www.uhk.cz/cs/filozoficka-fakulta/ff,POINT(50.2099128  15.8265475),15.8265475,50.2099128,AVS106,106,1761803.20871556,6482708.71624887
Univerzita  Hradec Králové,18460,Filozofická fakulta,Archeologie,P7109,,,1,Královehradecký kraj,CZ052,Hradec Králové ,CZ0521,Hradec Králové,5205,Hradec Králové ,569810,náměstí Svobody ,331,č.p.,2,50002,https://www.uhk.cz/cs/filozoficka-fakulta/ff,POINT(50.2099128  15.8265475),15.8265475,50.2099128,AVS107,107,1761803.20871556,6482708.71624887
Univerzita  Hradec Králové,18460,Filozofická fakulta,Archeologie,B7109,Archeologie,7105R001,3,Královehradecký kraj,CZ052,Hradec Králové ,CZ0521,Hradec Králové,5205,Hradec Králové ,569810,náměstí Svobody ,331,č.p.,2,50002,https://www.uhk.cz/cs/filozoficka-fakulta/ff,POINT(50.2099128  15.8265475),15.8265475,50.2099128,AVS108,108,1761803.20871556,6482708.71624887
Univerzita  Hradec Králové,18460,Filozofická fakulta,Archeologie,N7109,Archeologie,7105T001,3,Královehradecký kraj,CZ052,Hradec Králové ,CZ0521,Hradec Králové,5205,Hradec Králové ,569810,náměstí Svobody ,331,č.p.,2,50002,https://www.uhk.cz/cs/filozoficka-fakulta/ff,POINT(50.2099128  15.8265475),15.8265475,50.2099128,AVS109,109,1761803.20871556,6482708.71624887
Univerzita  Hradec Králové,18460,Filozofická fakulta,Archeologie,P7109,Archeologie,7105V001,1,Královehradecký kraj,CZ052,Hradec Králové ,CZ0521,Hradec Králové,5205,Hradec Králové ,569810,náměstí Svobody ,331,č.p.,2,50002,https://www.uhk.cz/cs/filozoficka-fakulta/ff,POINT(50.2099128  15.8265475),15.8265475,50.2099128,AVS110,110,1761803.20871556,6482708.71624887
Univerzita  Hradec Králové,18460,Filozofická fakulta,Filozofie,B6101,,,7,Královehradecký kraj,CZ052,Hradec Králové ,CZ0521,Hradec Králové,5205,Hradec Králové ,569810,náměstí Svobody ,331,č.p.,2,50002,https://www.uhk.cz/cs/filozoficka-fakulta/ff,POINT(50.2099128  15.8265475),15.8265475,50.2099128,AVS111,111,1761803.20871556,6482708.71624887
Univerzita  Hradec Králové,18460,Filozofická fakulta,Filozofie,N0223A100001,,,1,Královehradecký kraj,CZ052,Hradec Králové ,CZ0521,Hradec Králové,5205,Hradec Králové ,569810,náměstí Svobody ,331,č.p.,2,50002,https://www.uhk.cz/cs/filozoficka-fakulta/ff,POINT(50.2099128  15.8265475),15.8265475,50.2099128,AVS112,112,1761803.20871556,6482708.71624887
Univerzita  Hradec Králové,18460,Filozofická fakulta,Filozofie,N6101,,,1,Královehradecký kraj,CZ052,Hradec Králové ,CZ0521,Hradec Králové,5205,Hradec Králové ,569810,náměstí Svobody ,331,č.p.,2,50002,https://www.uhk.cz/cs/filozoficka-fakulta/ff,POINT(50.2099128  15.8265475),15.8265475,50.2099128,AVS113,113,1761803.20871556,6482708.71624887
Univerzita  Hradec Králové,18460,Filozofická fakulta,Filozofie,P6101,,,1,Královehradecký kraj,CZ052,Hradec Králové ,CZ0521,Hradec Králové,5205,Hradec Králové ,569810,náměstí Svobody ,331,č.p.,2,50002,https://www.uhk.cz/cs/filozoficka-fakulta/ff,POINT(50.2099128  15.8265475),15.8265475,50.2099128,AVS114,114,1761803.20871556,6482708.71624887
Univerzita  Hradec Králové,18460,Filozofická fakulta,Filozofie,P6101,,xxxxxxxx,1,Královehradecký kraj,CZ052,Hradec Králové ,CZ0521,Hradec Králové,5205,Hradec Králové ,569810,náměstí Svobody ,331,č.p.,2,50002,https://www.uhk.cz/cs/filozoficka-fakulta/ff,POINT(50.2099128  15.8265475),15.8265475,50.2099128,AVS115,115,1761803.20871556,6482708.71624887
Univerzita  Hradec Králové,18460,Filozofická fakulta,Filozofie,N6101,Filozofie,6101T004,1,Královehradecký kraj,CZ052,Hradec Králové ,CZ0521,Hradec Králové,5205,Hradec Králové ,569810,náměstí Svobody ,331,č.p.,2,50002,https://www.uhk.cz/cs/filozoficka-fakulta/ff,POINT(50.2099128  15.8265475),15.8265475,50.2099128,AVS116,116,1761803.20871556,6482708.71624887
Univerzita  Hradec Králové,18460,Filozofická fakulta,Filozofie,B6101,Filozofie a společenské vědy,6101R029,7,Královehradecký kraj,CZ052,Hradec Králové ,CZ0521,Hradec Králové,5205,Hradec Králové ,569810,náměstí Svobody ,331,č.p.,2,50002,https://www.uhk.cz/cs/filozoficka-fakulta/ff,POINT(50.2099128  15.8265475),15.8265475,50.2099128,AVS117,117,1761803.20871556,6482708.71624887
Univerzita  Hradec Králové,18460,Filozofická fakulta,Historické vědy,B0222A120001,,,10,Královehradecký kraj,CZ052,Hradec Králové ,CZ0521,Hradec Králové,5205,Hradec Králové ,569810,náměstí Svobody ,331,č.p.,2,50002,https://www.uhk.cz/cs/filozoficka-fakulta/ff,POINT(50.2099128  15.8265475),15.8265475,50.2099128,AVS118,118,1761803.20871556,6482708.71624887
Univerzita  Hradec Králové,18460,Filozofická fakulta,Historické vědy,B7105,,,14,Královehradecký kraj,CZ052,Hradec Králové ,CZ0521,Hradec Králové,5205,Hradec Králové ,569810,náměstí Svobody ,331,č.p.,2,50002,https://www.uhk.cz/cs/filozoficka-fakulta/ff,POINT(50.2099128  15.8265475),15.8265475,50.2099128,AVS119,119,1761803.20871556,6482708.71624887
Univerzita  Hradec Králové,18460,Filozofická fakulta,Historické vědy,N7105,,,12,Královehradecký kraj,CZ052,Hradec Králové ,CZ0521,Hradec Králové,5205,Hradec Králové ,569810,náměstí Svobody ,331,č.p.,2,50002,https://www.uhk.cz/cs/filozoficka-fakulta/ff,POINT(50.2099128  15.8265475),15.8265475,50.2099128,AVS120,120,1761803.20871556,6482708.71624887
Univerzita  Hradec Králové,18460,Filozofická fakulta,Historické vědy,P7105,,,6,Královehradecký kraj,CZ052,Hradec Králové ,CZ0521,Hradec Králové,5205,Hradec Králové ,569810,náměstí Svobody ,331,č.p.,2,50002,https://www.uhk.cz/cs/filozoficka-fakulta/ff,POINT(50.2099128  15.8265475),15.8265475,50.2099128,AVS121,121,1761803.20871556,6482708.71624887
Univerzita  Hradec Králové,18460,Filozofická fakulta,Historické vědy,N7105,Archivnictví,7105T005,9,Královehradecký kraj,CZ052,Hradec Králové ,CZ0521,Hradec Králové,5205,Hradec Králové ,569810,náměstí Svobody ,331,č.p.,2,50002,https://www.uhk.cz/cs/filozoficka-fakulta/ff,POINT(50.2099128  15.8265475),15.8265475,50.2099128,AVS122,122,1761803.20871556,6482708.71624887
Univerzita  Hradec Králové,18460,Filozofická fakulta,Historické vědy,P7105,Archivnictví,7105V005,2,Královehradecký kraj,CZ052,Hradec Králové ,CZ0521,Hradec Králové,5205,Hradec Králové ,569810,náměstí Svobody ,331,č.p.,2,50002,https://www.uhk.cz/cs/filozoficka-fakulta/ff,POINT(50.2099128  15.8265475),15.8265475,50.2099128,AVS123,123,1761803.20871556,6482708.71624887
Univerzita  Hradec Králové,18460,Filozofická fakulta,Historické vědy,B7105,Archivnictví - historie,7105R052,5,Královehradecký kraj,CZ052,Hradec Králové ,CZ0521,Hradec Králové,5205,Hradec Králové ,569810,náměstí Svobody ,331,č.p.,2,50002,https://www.uhk.cz/cs/filozoficka-fakulta/ff,POINT(50.2099128  15.8265475),15.8265475,50.2099128,AVS124,124,1761803.20871556,6482708.71624887
Univerzita  Hradec Králové,18460,Filozofická fakulta,Historické vědy,P7105,České a československé dějiny,7105V010,3,Královehradecký kraj,CZ052,Hradec Králové ,CZ0521,Hradec Králové,5205,Hradec Králové ,569810,náměstí Svobody ,331,č.p.,2,50002,https://www.uhk.cz/cs/filozoficka-fakulta/ff,POINT(50.2099128  15.8265475),15.8265475,50.2099128,AVS125,125,1761803.20871556,6482708.71624887
Univerzita  Hradec Králové,18460,Filozofická fakulta,Historické vědy,N7105,Historie,7105T021,3,Královehradecký kraj,CZ052,Hradec Králové ,CZ0521,Hradec Králové,5205,Hradec Králové ,569810,náměstí Svobody ,331,č.p.,2,50002,https://www.uhk.cz/cs/filozoficka-fakulta/ff,POINT(50.2099128  15.8265475),15.8265475,50.2099128,AVS126,126,1761803.20871556,6482708.71624887
Univerzita  Hradec Králové,18460,Filozofická fakulta,Historické vědy,P7105,Historie,7105V021,1,Královehradecký kraj,CZ052,Hradec Králové ,CZ0521,Hradec Králové,5205,Hradec Králové ,569810,náměstí Svobody ,331,č.p.,2,50002,https://www.uhk.cz/cs/filozoficka-fakulta/ff,POINT(50.2099128  15.8265475),15.8265475,50.2099128,AVS127,127,1761803.20871556,6482708.71624887
Univerzita  Hradec Králové,18460,Filozofická fakulta,Historické vědy,B7105,Prezentace a ochrana kulturního dědictví,7105R071,9,Královehradecký kraj,CZ052,Hradec Králové ,CZ0521,Hradec Králové,5205,Hradec Králové ,569810,náměstí Svobody ,331,č.p.,2,50002,https://www.uhk.cz/cs/filozoficka-fakulta/ff,POINT(50.2099128  15.8265475),15.8265475,50.2099128,AVS128,128,1761803.20871556,6482708.71624887
Univerzita  Hradec Králové,18460,Filozofická fakulta,Historie,N0222A120001,,,5,Královehradecký kraj,CZ052,Hradec Králové ,CZ0521,Hradec Králové,5205,Hradec Králové ,569810,náměstí Svobody ,331,č.p.,2,50002,https://www.uhk.cz/cs/filozoficka-fakulta/ff,POINT(50.2099128  15.8265475),15.8265475,50.2099128,AVS129,129,1761803.20871556,6482708.71624887
Univerzita  Hradec Králové,18460,Filozofická fakulta,Politologie,B6701,,,23,Královehradecký kraj,CZ052,Hradec Králové ,CZ0521,Hradec Králové,5205,Hradec Králové ,569810,náměstí Svobody ,331,č.p.,2,50002,https://www.uhk.cz/cs/filozoficka-fakulta/ff,POINT(50.2099128  15.8265475),15.8265475,50.2099128,AVS130,130,1761803.20871556,6482708.71624887
Univerzita  Hradec Králové,18460,Filozofická fakulta,Politologie,N6701,,,8,Královehradecký kraj,CZ052,Hradec Králové ,CZ0521,Hradec Králové,5205,Hradec Králové ,569810,náměstí Svobody ,331,č.p.,2,50002,https://www.uhk.cz/cs/filozoficka-fakulta/ff,POINT(50.2099128  15.8265475),15.8265475,50.2099128,AVS131,131,1761803.20871556,6482708.71624887
Univerzita  Hradec Králové,18460,Filozofická fakulta,Politologie,P6701,,,1,Královehradecký kraj,CZ052,Hradec Králové ,CZ0521,Hradec Králové,5205,Hradec Králové ,569810,náměstí Svobody ,331,č.p.,2,50002,https://www.uhk.cz/cs/filozoficka-fakulta/ff,POINT(50.2099128  15.8265475),15.8265475,50.2099128,AVS132,132,1761803.20871556,6482708.71624887
Univerzita  Hradec Králové,18460,Filozofická fakulta,Politologie,P6701,Latinskoamerická studia,6701V027,1,Královehradecký kraj,CZ052,Hradec Králové ,CZ0521,Hradec Králové,5205,Hradec Králové ,569810,náměstí Svobody ,331,č.p.,2,50002,https://www.uhk.cz/cs/filozoficka-fakulta/ff,POINT(50.2099128  15.8265475),15.8265475,50.2099128,AVS133,133,1761803.20871556,6482708.71624887
Univerzita  Hradec Králové,18460,Filozofická fakulta,Politologie,N6701,Politologie - africká studia,6701T021,4,Královehradecký kraj,CZ052,Hradec Králové ,CZ0521,Hradec Králové,5205,Hradec Králové ,569810,náměstí Svobody ,331,č.p.,2,50002,https://www.uhk.cz/cs/filozoficka-fakulta/ff,POINT(50.2099128  15.8265475),15.8265475,50.2099128,AVS134,134,1761803.20871556,6482708.71624887
Univerzita  Hradec Králové,18460,Filozofická fakulta,Politologie,N6701,Politologie - latinskoamerická studia,6701T022,4,Královehradecký kraj,CZ052,Hradec Králové ,CZ0521,Hradec Králové,5205,Hradec Králové ,569810,náměstí Svobody ,331,č.p.,2,50002,https://www.uhk.cz/cs/filozoficka-fakulta/ff,POINT(50.2099128  15.8265475),15.8265475,50.2099128,AVS135,135,1761803.20871556,6482708.71624887
Univerzita  Hradec Králové,18460,Filozofická fakulta,Politologie,B6701,Politologie /Political Science/,6701R008,23,Královehradecký kraj,CZ052,Hradec Králové ,CZ0521,Hradec Králové,5205,Hradec Králové ,569810,náměstí Svobody ,331,č.p.,2,50002,https://www.uhk.cz/cs/filozoficka-fakulta/ff,POINT(50.2099128  15.8265475),15.8265475,50.2099128,AVS136,136,1761803.20871556,6482708.71624887
Univerzita  Hradec Králové,18460,Filozofická fakulta,Pomocné vědy historické a archivnictví,N0222A120031,,,2,Královehradecký kraj,CZ052,Hradec Králové ,CZ0521,Hradec Králové,5205,Hradec Králové ,569810,náměstí Svobody ,331,č.p.,2,50002,https://www.uhk.cz/cs/filozoficka-fakulta/ff,POINT(50.2099128  15.8265475),15.8265475,50.2099128,AVS137,137,1761803.20871556,6482708.71624887
Univerzita  Hradec Králové,18460,Filozofická fakulta,Sociální práce,B0923P240001,,,44,Královehradecký kraj,CZ052,Hradec Králové ,CZ0521,Hradec Králové,5205,Hradec Králové ,569810,náměstí Svobody ,331,č.p.,2,50002,https://www.uhk.cz/cs/filozoficka-fakulta/ff,POINT(50.2099128  15.8265475),15.8265475,50.2099128,AVS138,138,1761803.20871556,6482708.71624887
Univerzita  Hradec Králové,18460,Filozofická fakulta,Sociologie,B0314A250008,,,9,Královehradecký kraj,CZ052,Hradec Králové ,CZ0521,Hradec Králové,5205,Hradec Králové ,569810,náměstí Svobody ,331,č.p.,2,50002,https://www.uhk.cz/cs/filozoficka-fakulta/ff,POINT(50.2099128  15.8265475),15.8265475,50.2099128,AVS139,139,1761803.20871556,6482708.71624887
Univerzita  Hradec Králové,18460,Filozofická fakulta,Sociologie,B6703,,,6,Královehradecký kraj,CZ052,Hradec Králové ,CZ0521,Hradec Králové,5205,Hradec Králové ,569810,náměstí Svobody ,331,č.p.,2,50002,https://www.uhk.cz/cs/filozoficka-fakulta/ff,POINT(50.2099128  15.8265475),15.8265475,50.2099128,AVS140,140,1761803.20871556,6482708.71624887
Univerzita  Hradec Králové,18460,Filozofická fakulta,Sociologie,B6703,Sociologie obecná a empirická,6703R013,6,Královehradecký kraj,CZ052,Hradec Králové ,CZ0521,Hradec Králové,5205,Hradec Králové ,569810,náměstí Svobody ,331,č.p.,2,50002,https://www.uhk.cz/cs/filozoficka-fakulta/ff,POINT(50.2099128  15.8265475),15.8265475,50.2099128,AVS141,141,1761803.20871556,6482708.71624887
Univerzita  Hradec Králové,18460,Filozofická fakulta,Technická podpora humanitních věd,B3928,,,3,Královehradecký kraj,CZ052,Hradec Králové ,CZ0521,Hradec Králové,5205,Hradec Králové ,569810,náměstí Svobody ,331,č.p.,2,50002,https://www.uhk.cz/cs/filozoficka-fakulta/ff,POINT(50.2099128  15.8265475),15.8265475,50.2099128,AVS142,142,1761803.20871556,6482708.71624887
Univerzita  Hradec Králové,18460,Filozofická fakulta,Technická podpora humanitních věd,B3928,Počítačová podpora v archivnictví,2612R066,3,Královehradecký kraj,CZ052,Hradec Králové ,CZ0521,Hradec Králové,5205,Hradec Králové ,569810,náměstí Svobody ,331,č.p.,2,50002,https://www.uhk.cz/cs/filozoficka-fakulta/ff,POINT(50.2099128  15.8265475),15.8265475,50.2099128,AVS143,143,1761803.20871556,6482708.71624887
Univerzita  Hradec Králové,18470,Přírodovědecká fakulta,Aplikovaná matematika,B1103,,,3,Královehradecký kraj,CZ052,Hradec Králové ,CZ0521,Hradec Králové,5205,Hradec Králové ,569810,Hradecká ,1285,č.p.,,50003,https://www.uhk.cz/cs/prirodovedecka-fakulta/prf,POINT(50.2037950  15.8287967),15.8287967,50.203795,AVS144,144,1762053.58851426,6481644.63585578
Univerzita  Hradec Králové,18470,Přírodovědecká fakulta,Aplikovaná matematika,B1103,Finanční a pojistná matematika,1103R008,3,Královehradecký kraj,CZ052,Hradec Králové ,CZ0521,Hradec Králové,5205,Hradec Králové ,569810,Hradecká ,1285,č.p.,,50003,https://www.uhk.cz/cs/prirodovedecka-fakulta/prf,POINT(50.2037950  15.8287967),15.8287967,50.203795,AVS145,145,1762053.58851426,6481644.63585578
Univerzita  Hradec Králové,18470,Přírodovědecká fakulta,Biologie,B1501,,,20,Královehradecký kraj,CZ052,Hradec Králové ,CZ0521,Hradec Králové,5205,Hradec Králové ,569810,Hradecká ,1285,č.p.,,50003,https://www.uhk.cz/cs/prirodovedecka-fakulta/prf,POINT(50.2037950  15.8287967),15.8287967,50.203795,AVS146,146,1762053.58851426,6481644.63585578
Univerzita  Hradec Králové,18470,Přírodovědecká fakulta,Biologie,N1501,,,3,Královehradecký kraj,CZ052,Hradec Králové ,CZ0521,Hradec Králové,5205,Hradec Králové ,569810,Hradecká ,1285,č.p.,,50003,https://www.uhk.cz/cs/prirodovedecka-fakulta/prf,POINT(50.2037950  15.8287967),15.8287967,50.203795,AVS147,147,1762053.58851426,6481644.63585578
Univerzita  Hradec Králové,18470,Přírodovědecká fakulta,Biologie,P1501,,,2,Královehradecký kraj,CZ052,Hradec Králové ,CZ0521,Hradec Králové,5205,Hradec Králové ,569810,Hradecká ,1285,č.p.,,50003,https://www.uhk.cz/cs/prirodovedecka-fakulta/prf,POINT(50.2037950  15.8287967),15.8287967,50.203795,AVS148,148,1762053.58851426,6481644.63585578
Univerzita  Hradec Králové,18470,Přírodovědecká fakulta,Biologie,P1501,Aplikovaná biologie a ekologie,1501V028,2,Královehradecký kraj,CZ052,Hradec Králové ,CZ0521,Hradec Králové,5205,Hradec Králové ,569810,Hradecká ,1285,č.p.,,50003,https://www.uhk.cz/cs/prirodovedecka-fakulta/prf,POINT(50.2037950  15.8287967),15.8287967,50.203795,AVS149,149,1762053.58851426,6481644.63585578
Univerzita  Hradec Králové,18470,Přírodovědecká fakulta,Biologie,B1501,Biologie se zaměřením na vzdělávání,7504R002,17,Královehradecký kraj,CZ052,Hradec Králové ,CZ0521,Hradec Králové,5205,Hradec Králové ,569810,Hradecká ,1285,č.p.,,50003,https://www.uhk.cz/cs/prirodovedecka-fakulta/prf,POINT(50.2037950  15.8287967),15.8287967,50.203795,AVS150,150,1762053.58851426,6481644.63585578
Univerzita  Hradec Králové,18470,Přírodovědecká fakulta,Biologie,B1501,Systematická biologie a ekologie,1501R015,3,Královehradecký kraj,CZ052,Hradec Králové ,CZ0521,Hradec Králové,5205,Hradec Králové ,569810,Hradecká ,1285,č.p.,,50003,https://www.uhk.cz/cs/prirodovedecka-fakulta/prf,POINT(50.2037950  15.8287967),15.8287967,50.203795,AVS151,151,1762053.58851426,6481644.63585578
Univerzita  Hradec Králové,18470,Přírodovědecká fakulta,Biologie,N1501,Systematická biologie a ekologie,1501T015,1,Královehradecký kraj,CZ052,Hradec Králové ,CZ0521,Hradec Králové,5205,Hradec Králové ,569810,Hradecká ,1285,č.p.,,50003,https://www.uhk.cz/cs/prirodovedecka-fakulta/prf,POINT(50.2037950  15.8287967),15.8287967,50.203795,AVS152,152,1762053.58851426,6481644.63585578
Univerzita  Hradec Králové,18470,Přírodovědecká fakulta,Biologie,N1501,Učitelství biologie pro střední školy,7504T029,2,Královehradecký kraj,CZ052,Hradec Králové ,CZ0521,Hradec Králové,5205,Hradec Králové ,569810,Hradecká ,1285,č.p.,,50003,https://www.uhk.cz/cs/prirodovedecka-fakulta/prf,POINT(50.2037950  15.8287967),15.8287967,50.203795,AVS153,153,1762053.58851426,6481644.63585578
Univerzita  Hradec Králové,18470,Přírodovědecká fakulta,Biologie a ekologie,B0511A030001,,,14,Královehradecký kraj,CZ052,Hradec Králové ,CZ0521,Hradec Králové,5205,Hradec Králové ,569810,Hradecká ,1285,č.p.,,50003,https://www.uhk.cz/cs/prirodovedecka-fakulta/prf,POINT(50.2037950  15.8287967),15.8287967,50.203795,AVS154,154,1762053.58851426,6481644.63585578
Univerzita  Hradec Králové,18470,Přírodovědecká fakulta,Biologie a ekologie,N0588A030001,,,10,Královehradecký kraj,CZ052,Hradec Králové ,CZ0521,Hradec Králové,5205,Hradec Králové ,569810,Hradecká ,1285,č.p.,,50003,https://www.uhk.cz/cs/prirodovedecka-fakulta/prf,POINT(50.2037950  15.8287967),15.8287967,50.203795,AVS155,155,1762053.58851426,6481644.63585578
Univerzita  Hradec Králové,18470,Přírodovědecká fakulta,Fyzika,B1701,,,6,Královehradecký kraj,CZ052,Hradec Králové ,CZ0521,Hradec Králové,5205,Hradec Králové ,569810,Hradecká ,1285,č.p.,,50003,https://www.uhk.cz/cs/prirodovedecka-fakulta/prf,POINT(50.2037950  15.8287967),15.8287967,50.203795,AVS156,156,1762053.58851426,6481644.63585578
Univerzita  Hradec Králové,18470,Přírodovědecká fakulta,Fyzika,N1701,,,2,Královehradecký kraj,CZ052,Hradec Králové ,CZ0521,Hradec Králové,5205,Hradec Králové ,569810,Hradecká ,1285,č.p.,,50003,https://www.uhk.cz/cs/prirodovedecka-fakulta/prf,POINT(50.2037950  15.8287967),15.8287967,50.203795,AVS157,157,1762053.58851426,6481644.63585578
Univerzita  Hradec Králové,18470,Přírodovědecká fakulta,Fyzika,B1701,Fyzika se zaměřením na vzdělávání,7504R006,6,Královehradecký kraj,CZ052,Hradec Králové ,CZ0521,Hradec Králové,5205,Hradec Králové ,569810,Hradecká ,1285,č.p.,,50003,https://www.uhk.cz/cs/prirodovedecka-fakulta/prf,POINT(50.2037950  15.8287967),15.8287967,50.203795,AVS158,158,1762053.58851426,6481644.63585578
Univerzita  Hradec Králové,18470,Přírodovědecká fakulta,Fyzika,N1701,Učitelství fyziky pro střední školy,7504T055,2,Královehradecký kraj,CZ052,Hradec Králové ,CZ0521,Hradec Králové,5205,Hradec Králové ,569810,Hradecká ,1285,č.p.,,50003,https://www.uhk.cz/cs/prirodovedecka-fakulta/prf,POINT(50.2037950  15.8287967),15.8287967,50.203795,AVS159,159,1762053.58851426,6481644.63585578
Univerzita  Hradec Králové,18470,Přírodovědecká fakulta,Fyzikálně-technická měření a výpočetní technika,B0533A110005,,,2,Královehradecký kraj,CZ052,Hradec Králové ,CZ0521,Hradec Králové,5205,Hradec Králové ,569810,Hradecká ,1285,č.p.,,50003,https://www.uhk.cz/cs/prirodovedecka-fakulta/prf,POINT(50.2037950  15.8287967),15.8287967,50.203795,AVS160,160,1762053.58851426,6481644.63585578
Univerzita  Hradec Králové,18470,Přírodovědecká fakulta,Chemie,B0531A130003,,,6,Královehradecký kraj,CZ052,Hradec Králové ,CZ0521,Hradec Králové,5205,Hradec Králové ,569810,Hradecká ,1285,č.p.,,50003,https://www.uhk.cz/cs/prirodovedecka-fakulta/prf,POINT(50.2037950  15.8287967),15.8287967,50.203795,AVS161,161,1762053.58851426,6481644.63585578
Univerzita  Hradec Králové,18470,Přírodovědecká fakulta,Chemie,B1407,,,14,Královehradecký kraj,CZ052,Hradec Králové ,CZ0521,Hradec Králové,5205,Hradec Králové ,569810,Hradecká ,1285,č.p.,,50003,https://www.uhk.cz/cs/prirodovedecka-fakulta/prf,POINT(50.2037950  15.8287967),15.8287967,50.203795,AVS162,162,1762053.58851426,6481644.63585578
Univerzita  Hradec Králové,18470,Přírodovědecká fakulta,Chemie,N0531A130003,,,12,Královehradecký kraj,CZ052,Hradec Králové ,CZ0521,Hradec Králové,5205,Hradec Králové ,569810,Hradecká ,1285,č.p.,,50003,https://www.uhk.cz/cs/prirodovedecka-fakulta/prf,POINT(50.2037950  15.8287967),15.8287967,50.203795,AVS163,163,1762053.58851426,6481644.63585578
Univerzita  Hradec Králové,18470,Přírodovědecká fakulta,Chemie,N1407,,,3,Královehradecký kraj,CZ052,Hradec Králové ,CZ0521,Hradec Králové,5205,Hradec Králové ,569810,Hradecká ,1285,č.p.,,50003,https://www.uhk.cz/cs/prirodovedecka-fakulta/prf,POINT(50.2037950  15.8287967),15.8287967,50.203795,AVS164,164,1762053.58851426,6481644.63585578
Univerzita  Hradec Králové,18470,Přírodovědecká fakulta,Chemie,P1407,,,1,Královehradecký kraj,CZ052,Hradec Králové ,CZ0521,Hradec Králové,5205,Hradec Králové ,569810,Hradecká ,1285,č.p.,,50003,https://www.uhk.cz/cs/prirodovedecka-fakulta/prf,POINT(50.2037950  15.8287967),15.8287967,50.203795,AVS165,165,1762053.58851426,6481644.63585578
Univerzita  Hradec Králové,18470,Přírodovědecká fakulta,Chemie,N1407,Bioorganická chemie,1407T017,1,Královehradecký kraj,CZ052,Hradec Králové ,CZ0521,Hradec Králové,5205,Hradec Králové ,569810,Hradecká ,1285,č.p.,,50003,https://www.uhk.cz/cs/prirodovedecka-fakulta/prf,POINT(50.2037950  15.8287967),15.8287967,50.203795,AVS166,166,1762053.58851426,6481644.63585578
Univerzita  Hradec Králové,18470,Přírodovědecká fakulta,Chemie,P1407,Didaktika chemie,1407V018,1,Královehradecký kraj,CZ052,Hradec Králové ,CZ0521,Hradec Králové,5205,Hradec Králové ,569810,Hradecká ,1285,č.p.,,50003,https://www.uhk.cz/cs/prirodovedecka-fakulta/prf,POINT(50.2037950  15.8287967),15.8287967,50.203795,AVS167,167,1762053.58851426,6481644.63585578
Univerzita  Hradec Králové,18470,Přírodovědecká fakulta,Chemie,B1407,Chemie se zaměřením na vzdělávání,1407R014,8,Královehradecký kraj,CZ052,Hradec Králové ,CZ0521,Hradec Králové,5205,Hradec Králové ,569810,Hradecká ,1285,č.p.,,50003,https://www.uhk.cz/cs/prirodovedecka-fakulta/prf,POINT(50.2037950  15.8287967),15.8287967,50.203795,AVS168,168,1762053.58851426,6481644.63585578
Univerzita  Hradec Králové,18470,Přírodovědecká fakulta,Chemie,B1407,Toxikologie a analýza škodlivin,1407R016,6,Královehradecký kraj,CZ052,Hradec Králové ,CZ0521,Hradec Králové,5205,Hradec Králové ,569810,Hradecká ,1285,č.p.,,50003,https://www.uhk.cz/cs/prirodovedecka-fakulta/prf,POINT(50.2037950  15.8287967),15.8287967,50.203795,AVS169,169,1762053.58851426,6481644.63585578
Univerzita  Hradec Králové,18470,Přírodovědecká fakulta,Chemie,N1407,Učitelství biologie pro střední školy,7504T029,2,Královehradecký kraj,CZ052,Hradec Králové ,CZ0521,Hradec Králové,5205,Hradec Králové ,569810,Hradecká ,1285,č.p.,,50003,https://www.uhk.cz/cs/prirodovedecka-fakulta/prf,POINT(50.2037950  15.8287967),15.8287967,50.203795,AVS170,170,1762053.58851426,6481644.63585578
Univerzita  Hradec Králové,18470,Přírodovědecká fakulta,Informatika,B1801,,,6,Královehradecký kraj,CZ052,Hradec Králové ,CZ0521,Hradec Králové,5205,Hradec Králové ,569810,Hradecká ,1285,č.p.,,50003,https://www.uhk.cz/cs/prirodovedecka-fakulta/prf,POINT(50.2037950  15.8287967),15.8287967,50.203795,AVS171,171,1762053.58851426,6481644.63585578
Univerzita  Hradec Králové,18470,Přírodovědecká fakulta,Informatika,B1801,Informatika se zaměřením na vzdělávání,1802R023,6,Královehradecký kraj,CZ052,Hradec Králové ,CZ0521,Hradec Králové,5205,Hradec Králové ,569810,Hradecká ,1285,č.p.,,50003,https://www.uhk.cz/cs/prirodovedecka-fakulta/prf,POINT(50.2037950  15.8287967),15.8287967,50.203795,AVS172,172,1762053.58851426,6481644.63585578
Univerzita  Hradec Králové,18470,Přírodovědecká fakulta,Matematika,B1101,,,12,Královehradecký kraj,CZ052,Hradec Králové ,CZ0521,Hradec Králové,5205,Hradec Králové ,569810,Hradecká ,1285,č.p.,,50003,https://www.uhk.cz/cs/prirodovedecka-fakulta/prf,POINT(50.2037950  15.8287967),15.8287967,50.203795,AVS173,173,1762053.58851426,6481644.63585578
Univerzita  Hradec Králové,18470,Přírodovědecká fakulta,Matematika,N1101,,,7,Královehradecký kraj,CZ052,Hradec Králové ,CZ0521,Hradec Králové,5205,Hradec Králové ,569810,Hradecká ,1285,č.p.,,50003,https://www.uhk.cz/cs/prirodovedecka-fakulta/prf,POINT(50.2037950  15.8287967),15.8287967,50.203795,AVS174,174,1762053.58851426,6481644.63585578
Univerzita  Hradec Králové,18470,Přírodovědecká fakulta,Matematika,B1101,Biologie se zaměřením na vzdělávání,7504R002,4,Královehradecký kraj,CZ052,Hradec Králové ,CZ0521,Hradec Králové,5205,Hradec Králové ,569810,Hradecká ,1285,č.p.,,50003,https://www.uhk.cz/cs/prirodovedecka-fakulta/prf,POINT(50.2037950  15.8287967),15.8287967,50.203795,AVS175,175,1762053.58851426,6481644.63585578
Univerzita  Hradec Králové,18470,Přírodovědecká fakulta,Matematika,B1101,Historie se zaměřením na vzdělávání,7105R056,1,Královehradecký kraj,CZ052,Hradec Králové ,CZ0521,Hradec Králové,5205,Hradec Králové ,569810,Hradecká ,1285,č.p.,,50003,https://www.uhk.cz/cs/prirodovedecka-fakulta/prf,POINT(50.2037950  15.8287967),15.8287967,50.203795,AVS176,176,1762053.58851426,6481644.63585578
Univerzita  Hradec Králové,18470,Přírodovědecká fakulta,Matematika,B1101,Matematika se zaměřením na vzdělávání,7504R015,7,Královehradecký kraj,CZ052,Hradec Králové ,CZ0521,Hradec Králové,5205,Hradec Králové ,569810,Hradecká ,1285,č.p.,,50003,https://www.uhk.cz/cs/prirodovedecka-fakulta/prf,POINT(50.2037950  15.8287967),15.8287967,50.203795,AVS177,177,1762053.58851426,6481644.63585578
Univerzita  Hradec Králové,18470,Přírodovědecká fakulta,Matematika,N1101,Učitelství matematiky pro SŠ,7504T088,7,Královehradecký kraj,CZ052,Hradec Králové ,CZ0521,Hradec Králové,5205,Hradec Králové ,569810,Hradecká ,1285,č.p.,,50003,https://www.uhk.cz/cs/prirodovedecka-fakulta/prf,POINT(50.2037950  15.8287967),15.8287967,50.203795,AVS178,178,1762053.58851426,6481644.63585578
Univerzita  Hradec Králové,18470,Přírodovědecká fakulta,Matematika se zaměřením na vzdělávání,B0114A170006,,,1,Královehradecký kraj,CZ052,Hradec Králové ,CZ0521,Hradec Králové,5205,Hradec Králové ,569810,Hradecká ,1285,č.p.,,50003,https://www.uhk.cz/cs/prirodovedecka-fakulta/prf,POINT(50.2037950  15.8287967),15.8287967,50.203795,AVS179,179,1762053.58851426,6481644.63585578
Univerzita  Hradec Králové,18470,Přírodovědecká fakulta,Specializace v pedagogice,P7507,,,1,Královehradecký kraj,CZ052,Hradec Králové ,CZ0521,Hradec Králové,5205,Hradec Králové ,569810,Hradecká ,1285,č.p.,,50003,https://www.uhk.cz/cs/prirodovedecka-fakulta/prf,POINT(50.2037950  15.8287967),15.8287967,50.203795,AVS180,180,1762053.58851426,6481644.63585578
Univerzita  Hradec Králové,18470,Přírodovědecká fakulta,Specializace v pedagogice,P7507,Teorie vzdělávání ve fyzice,7501V026,1,Královehradecký kraj,CZ052,Hradec Králové ,CZ0521,Hradec Králové,5205,Hradec Králové ,569810,Hradecká ,1285,č.p.,,50003,https://www.uhk.cz/cs/prirodovedecka-fakulta/prf,POINT(50.2037950  15.8287967),15.8287967,50.203795,AVS181,181,1762053.58851426,6481644.63585578
Univerzita  Hradec Králové,18470,Přírodovědecká fakulta,Učitelství fyziky a matematiky pro střední školy,N0114A110004,,,1,Královehradecký kraj,CZ052,Hradec Králové ,CZ0521,Hradec Králové,5205,Hradec Králové ,569810,Hradecká ,1285,č.p.,,50003,https://www.uhk.cz/cs/prirodovedecka-fakulta/prf,POINT(50.2037950  15.8287967),15.8287967,50.203795,AVS182,182,1762053.58851426,6481644.63585578
Univerzita  Hradec Králové,18470,Přírodovědecká fakulta,Učitelství informatiky a fyziky pro střední školy,N0114A140002,,,1,Královehradecký kraj,CZ052,Hradec Králové ,CZ0521,Hradec Králové,5205,Hradec Králové ,569810,Hradecká ,1285,č.p.,,50003,https://www.uhk.cz/cs/prirodovedecka-fakulta/prf,POINT(50.2037950  15.8287967),15.8287967,50.203795,AVS183,183,1762053.58851426,6481644.63585578
Univerzita  Hradec Králové,18470,Přírodovědecká fakulta,Učitelství informatiky a matematiky pro střední školy,N0114A140003,,,1,Královehradecký kraj,CZ052,Hradec Králové ,CZ0521,Hradec Králové,5205,Hradec Králové ,569810,Hradecká ,1285,č.p.,,50003,https://www.uhk.cz/cs/prirodovedecka-fakulta/prf,POINT(50.2037950  15.8287967),15.8287967,50.203795,AVS184,184,1762053.58851426,6481644.63585578
Univerzita  Hradec Králové,18900,celoškolská pracoviště,Sociální politika a sociální práce,B6731,,,20,Královehradecký kraj,CZ052,Hradec Králové ,CZ0521,Hradec Králové,5205,Hradec Králové ,569810,Rokitanského ,62,č.p.,26,50003,https://www.uhk.cz/,POINT(50.2089794  15.8301381),15.8301381,50.2089794,AVS185,185,1762202.91247921,6482546.35942333
Univerzita  Hradec Králové,18900,celoškolská pracoviště,Sociální politika a sociální práce,N6731,,,36,Královehradecký kraj,CZ052,Hradec Králové ,CZ0521,Hradec Králové,5205,Hradec Králové ,569810,Rokitanského ,62,č.p.,26,50003,https://www.uhk.cz/,POINT(50.2089794  15.8301381),15.8301381,50.2089794,AVS186,186,1762202.91247921,6482546.35942333
Univerzita  Hradec Králové,18900,celoškolská pracoviště,Sociální politika a sociální práce,B6731,Sociální práce,6731R012,13,Královehradecký kraj,CZ052,Hradec Králové ,CZ0521,Hradec Králové,5205,Hradec Králové ,569810,Rokitanského ,62,č.p.,26,50003,https://www.uhk.cz/,POINT(50.2089794  15.8301381),15.8301381,50.2089794,AVS187,187,1762202.91247921,6482546.35942333
Univerzita  Hradec Králové,18900,celoškolská pracoviště,Sociální politika a sociální práce,N6731,Sociální práce,6731T012,36,Královehradecký kraj,CZ052,Hradec Králové ,CZ0521,Hradec Králové,5205,Hradec Králové ,569810,Rokitanského ,62,č.p.,26,50003,https://www.uhk.cz/,POINT(50.2089794  15.8301381),15.8301381,50.2089794,AVS188,188,1762202.91247921,6482546.35942333
Univerzita  Hradec Králové,18900,celoškolská pracoviště,Sociální politika a sociální práce,B6731,Sociální práce s osobami se sníženou soběstačností,6731R029,4,Královehradecký kraj,CZ052,Hradec Králové ,CZ0521,Hradec Králové,5205,Hradec Králové ,569810,Rokitanského ,62,č.p.,26,50003,https://www.uhk.cz/,POINT(50.2089794  15.8301381),15.8301381,50.2089794,AVS189,189,1762202.91247921,6482546.35942333
Univerzita  Hradec Králové,18900,celoškolská pracoviště,Sociální politika a sociální práce,B6731,Sociální práce ve veřejné správě,6731R023,3,Královehradecký kraj,CZ052,Hradec Králové ,CZ0521,Hradec Králové,5205,Hradec Králové ,569810,Rokitanského ,62,č.p.,26,50003,https://www.uhk.cz/,POINT(50.2089794  15.8301381),15.8301381,50.2089794,AVS190,190,1762202.91247921,6482546.35942333
Univerzita Karlova,11150,Lékařská fakulta v Hradci  Králové,"Anatomie, histologie a embryologie",P0912D350077,,,2,Královehradecký kraj,CZ052,Hradec Králové ,CZ0521,Hradec Králové,5205,Hradec Králové ,569810,Šimkova ,870,č.p.,,50003,https://www.lfhk.cuni.cz/,POINT(50.2138214  15.8350544),15.8350544,50.2138214,AVS191,191,1762750.19249179,6483388.61777563
Univerzita Karlova,11150,Lékařská fakulta v Hradci  Králové,Fyziologie a patologická fyziologie,P0912D350063,,,1,Královehradecký kraj,CZ052,Hradec Králové ,CZ0521,Hradec Králové,5205,Hradec Králové ,569810,Šimkova ,870,č.p.,,50003,https://www.lfhk.cuni.cz/,POINT(50.2138214  15.8350544),15.8350544,50.2138214,AVS192,192,1762750.19249179,6483388.61777563
Univerzita Karlova,11150,Lékařská fakulta v Hradci  Králové,Gynekologie a porodnictví,P0912D350054,,,1,Královehradecký kraj,CZ052,Hradec Králové ,CZ0521,Hradec Králové,5205,Hradec Králové ,569810,Šimkova ,870,č.p.,,50003,https://www.lfhk.cuni.cz/,POINT(50.2138214  15.8350544),15.8350544,50.2138214,AVS193,193,1762750.19249179,6483388.61777563
Univerzita Karlova,11150,Lékařská fakulta v Hradci  Králové,"Hygiena, preventivní lékařství",P0912D350056,,,1,Královehradecký kraj,CZ052,Hradec Králové ,CZ0521,Hradec Králové,5205,Hradec Králové ,569810,Šimkova ,870,č.p.,,50003,https://www.lfhk.cuni.cz/,POINT(50.2138214  15.8350544),15.8350544,50.2138214,AVS194,194,1762750.19249179,6483388.61777563
Univerzita Karlova,11150,Lékařská fakulta v Hradci  Králové,Chirurgie,P0912D350030,,,1,Královehradecký kraj,CZ052,Hradec Králové ,CZ0521,Hradec Králové,5205,Hradec Králové ,569810,Šimkova ,870,č.p.,,50003,https://www.lfhk.cuni.cz/,POINT(50.2138214  15.8350544),15.8350544,50.2138214,AVS195,195,1762750.19249179,6483388.61777563
Univerzita Karlova,11150,Lékařská fakulta v Hradci  Králové,Klinická onkologie a radioterapie,P0912D350060,,,1,Královehradecký kraj,CZ052,Hradec Králové ,CZ0521,Hradec Králové,5205,Hradec Králové ,569810,Šimkova ,870,č.p.,,50003,https://www.lfhk.cuni.cz/,POINT(50.2138214  15.8350544),15.8350544,50.2138214,AVS196,196,1762750.19249179,6483388.61777563
Univerzita Karlova,11150,Lékařská fakulta v Hradci  Králové,Lékařská farmakologie,P0912D350051,,,3,Královehradecký kraj,CZ052,Hradec Králové ,CZ0521,Hradec Králové,5205,Hradec Králové ,569810,Šimkova ,870,č.p.,,50003,https://www.lfhk.cuni.cz/,POINT(50.2138214  15.8350544),15.8350544,50.2138214,AVS197,197,1762750.19249179,6483388.61777563
Univerzita Karlova,11150,Lékařská fakulta v Hradci  Králové,Lékařská chemie a biochemie,P0912D350058,,,2,Královehradecký kraj,CZ052,Hradec Králové ,CZ0521,Hradec Králové,5205,Hradec Králové ,569810,Šimkova ,870,č.p.,,50003,https://www.lfhk.cuni.cz/,POINT(50.2138214  15.8350544),15.8350544,50.2138214,AVS198,198,1762750.19249179,6483388.61777563
Univerzita Karlova,11150,Lékařská fakulta v Hradci  Králové,Lékařská imunologie,P0912D350047,,,2,Královehradecký kraj,CZ052,Hradec Králové ,CZ0521,Hradec Králové,5205,Hradec Králové ,569810,Šimkova ,870,č.p.,,50003,https://www.lfhk.cuni.cz/,POINT(50.2138214  15.8350544),15.8350544,50.2138214,AVS199,199,1762750.19249179,6483388.61777563
Univerzita Karlova,11150,Lékařská fakulta v Hradci  Králové,Lékařská mikrobiologie,P0912D350078,,,1,Královehradecký kraj,CZ052,Hradec Králové ,CZ0521,Hradec Králové,5205,Hradec Králové ,569810,Šimkova ,870,č.p.,,50003,https://www.lfhk.cuni.cz/,POINT(50.2138214  15.8350544),15.8350544,50.2138214,AVS200,200,1762750.19249179,6483388.61777563
Univerzita Karlova,11150,Lékařská fakulta v Hradci  Králové,Neurologie,P0912D350018,,,1,Královehradecký kraj,CZ052,Hradec Králové ,CZ0521,Hradec Králové,5205,Hradec Králové ,569810,Šimkova ,870,č.p.,,50003,https://www.lfhk.cuni.cz/,POINT(50.2138214  15.8350544),15.8350544,50.2138214,AVS201,201,1762750.19249179,6483388.61777563
Univerzita Karlova,11150,Lékařská fakulta v Hradci  Králové,Ošetřovatelství,B5341,,,23,Královehradecký kraj,CZ052,Hradec Králové ,CZ0521,Hradec Králové,5205,Hradec Králové ,569810,Šimkova ,870,č.p.,,50003,https://www.lfhk.cuni.cz/,POINT(50.2138214  15.8350544),15.8350544,50.2138214,AVS202,202,1762750.19249179,6483388.61777563
Univerzita Karlova,11150,Lékařská fakulta v Hradci  Králové,Ošetřovatelství,B5341,Všeobecná sestra,5341R009,23,Královehradecký kraj,CZ052,Hradec Králové ,CZ0521,Hradec Králové,5205,Hradec Králové ,569810,Šimkova ,870,č.p.,,50003,https://www.lfhk.cuni.cz/,POINT(50.2138214  15.8350544),15.8350544,50.2138214,AVS203,203,1762750.19249179,6483388.61777563
Univerzita Karlova,11150,Lékařská fakulta v Hradci  Králové,Patologie,P0912D350032,,,1,Královehradecký kraj,CZ052,Hradec Králové ,CZ0521,Hradec Králové,5205,Hradec Králové ,569810,Šimkova ,870,č.p.,,50003,https://www.lfhk.cuni.cz/,POINT(50.2138214  15.8350544),15.8350544,50.2138214,AVS204,204,1762750.19249179,6483388.61777563
Univerzita Karlova,11150,Lékařská fakulta v Hradci  Králové,Radiologie,P0912D350035,,,3,Královehradecký kraj,CZ052,Hradec Králové ,CZ0521,Hradec Králové,5205,Hradec Králové ,569810,Šimkova ,870,č.p.,,50003,https://www.lfhk.cuni.cz/,POINT(50.2138214  15.8350544),15.8350544,50.2138214,AVS205,205,1762750.19249179,6483388.61777563
Univerzita Karlova,11150,Lékařská fakulta v Hradci  Králové,Vnitřní nemoci,P0912D350065,,,2,Královehradecký kraj,CZ052,Hradec Králové ,CZ0521,Hradec Králové,5205,Hradec Králové ,569810,Šimkova ,870,č.p.,,50003,https://www.lfhk.cuni.cz/,POINT(50.2138214  15.8350544),15.8350544,50.2138214,AVS206,206,1762750.19249179,6483388.61777563
Univerzita Karlova,11150,Lékařská fakulta v Hradci  Králové,Všeobecné lékařství,M5103,,,186,Královehradecký kraj,CZ052,Hradec Králové ,CZ0521,Hradec Králové,5205,Hradec Králové ,569810,Šimkova ,870,č.p.,,50003,https://www.lfhk.cuni.cz/,POINT(50.2138214  15.8350544),15.8350544,50.2138214,AVS207,207,1762750.19249179,6483388.61777563
Univerzita Karlova,11150,Lékařská fakulta v Hradci  Králové,Všeobecné lékařství,M5103,Kmenový obor: Všeobecné lékařství,5103T000,186,Královehradecký kraj,CZ052,Hradec Králové ,CZ0521,Hradec Králové,5205,Hradec Králové ,569810,Šimkova ,870,č.p.,,50003,https://www.lfhk.cuni.cz/,POINT(50.2138214  15.8350544),15.8350544,50.2138214,AVS208,208,1762750.19249179,6483388.61777563
Univerzita Karlova,11150,Lékařská fakulta v Hradci  Králové,Zubní lékařství,M5111,,,40,Královehradecký kraj,CZ052,Hradec Králové ,CZ0521,Hradec Králové,5205,Hradec Králové ,569810,Šimkova ,870,č.p.,,50003,https://www.lfhk.cuni.cz/,POINT(50.2138214  15.8350544),15.8350544,50.2138214,AVS209,209,1762750.19249179,6483388.61777563
Univerzita Karlova,11150,Lékařská fakulta v Hradci  Králové,Zubní lékařství,M5111,Kmenový obor: Stomatologie,5104T000,40,Královehradecký kraj,CZ052,Hradec Králové ,CZ0521,Hradec Králové,5205,Hradec Králové ,569810,Šimkova ,870,č.p.,,50003,https://www.lfhk.cuni.cz/,POINT(50.2138214  15.8350544),15.8350544,50.2138214,AVS210,210,1762750.19249179,6483388.61777563
Univerzita Karlova,11160,Farmaceutická fakulta v Hradci  Králové,Bioanalytická laboratorní diagnostika ve zdravotnictví,N0914P360004,,,28,Královehradecký kraj,CZ052,Hradec Králové ,CZ0521,Hradec Králové,5205,Hradec Králové ,569810,Akademika Heyrovského,1203,č.p.,,50003,https://www.faf.cuni.cz/,POINT(50.2014822  15.8358164),15.8358164,50.2014822,AVS211,211,1762835.01794378,6481242.40175375
Univerzita Karlova,11160,Farmaceutická fakulta v Hradci  Králové,Bioanalytické metody,P0914D360003,,,2,Královehradecký kraj,CZ052,Hradec Králové ,CZ0521,Hradec Králové,5205,Hradec Králové ,569810,Akademika Heyrovského,1203,č.p.,,50003,https://www.faf.cuni.cz/,POINT(50.2014822  15.8358164),15.8358164,50.2014822,AVS212,212,1762835.01794378,6481242.40175375
Univerzita Karlova,11160,Farmaceutická fakulta v Hradci  Králové,Farmacie,M5206,,,171,Královehradecký kraj,CZ052,Hradec Králové ,CZ0521,Hradec Králové,5205,Hradec Králové ,569810,Akademika Heyrovského,1203,č.p.,,50003,https://www.faf.cuni.cz/,POINT(50.2014822  15.8358164),15.8358164,50.2014822,AVS213,213,1762835.01794378,6481242.40175375
Univerzita Karlova,11160,Farmaceutická fakulta v Hradci  Králové,Farmacie,M5206,Farmacie,5206T004,171,Královehradecký kraj,CZ052,Hradec Králové ,CZ0521,Hradec Králové,5205,Hradec Králové ,569810,Akademika Heyrovského,1203,č.p.,,50003,https://www.faf.cuni.cz/,POINT(50.2014822  15.8358164),15.8358164,50.2014822,AVS214,214,1762835.01794378,6481242.40175375
Univerzita Karlova,11160,Farmaceutická fakulta v Hradci  Králové,Farmakognosie a nutraceutika,P0916D080002,,,1,Královehradecký kraj,CZ052,Hradec Králové ,CZ0521,Hradec Králové,5205,Hradec Králové ,569810,Akademika Heyrovského,1203,č.p.,,50003,https://www.faf.cuni.cz/,POINT(50.2014822  15.8358164),15.8358164,50.2014822,AVS215,215,1762835.01794378,6481242.40175375
Univerzita Karlova,11160,Farmaceutická fakulta v Hradci  Králové,Farmakologie a toxikologie,P0916D080009,,,2,Královehradecký kraj,CZ052,Hradec Králové ,CZ0521,Hradec Králové,5205,Hradec Králové ,569810,Akademika Heyrovského,1203,č.p.,,50003,https://www.faf.cuni.cz/,POINT(50.2014822  15.8358164),15.8358164,50.2014822,AVS216,216,1762835.01794378,6481242.40175375
Univerzita Karlova,11160,Farmaceutická fakulta v Hradci  Králové,Klinická a sociální farmacie,P0916D080001,,,3,Královehradecký kraj,CZ052,Hradec Králové ,CZ0521,Hradec Králové,5205,Hradec Králové ,569810,Akademika Heyrovského,1203,č.p.,,50003,https://www.faf.cuni.cz/,POINT(50.2014822  15.8358164),15.8358164,50.2014822,AVS217,217,1762835.01794378,6481242.40175375
Univerzita Karlova,11160,Farmaceutická fakulta v Hradci  Králové,Laboratorní diagnostika ve zdravotnictví,B0914A360002,,,18,Královehradecký kraj,CZ052,Hradec Králové ,CZ0521,Hradec Králové,5205,Hradec Králové ,569810,Akademika Heyrovského,1203,č.p.,,50003,https://www.faf.cuni.cz/,POINT(50.2014822  15.8358164),15.8358164,50.2014822,AVS218,218,1762835.01794378,6481242.40175375
Univerzita Karlova,11160,Farmaceutická fakulta v Hradci  Králové,Pharmacognosy and Nutraceuticals,P0916D080003,,,1,Královehradecký kraj,CZ052,Hradec Králové ,CZ0521,Hradec Králové,5205,Hradec Králové ,569810,Akademika Heyrovského,1203,č.p.,,50003,https://www.faf.cuni.cz/,POINT(50.2014822  15.8358164),15.8358164,50.2014822,AVS219,219,1762835.01794378,6481242.40175375
Univerzita Karlova,11160,Farmaceutická fakulta v Hradci  Králové,Pharmacology and Toxicology,P0916D080012,,,1,Královehradecký kraj,CZ052,Hradec Králové ,CZ0521,Hradec Králové,5205,Hradec Králové ,569810,Akademika Heyrovského,1203,č.p.,,50003,https://www.faf.cuni.cz/,POINT(50.2014822  15.8358164),15.8358164,50.2014822,AVS220,220,1762835.01794378,6481242.40175375
Univerzita Karlova,11160,Farmaceutická fakulta v Hradci  Králové,Xenobiochemie a patobiochemie,P0916D080013,,,2,Královehradecký kraj,CZ052,Hradec Králové ,CZ0521,Hradec Králové,5205,Hradec Králové ,569810,Akademika Heyrovského,1203,č.p.,,50003,https://www.faf.cuni.cz/,POINT(50.2014822  15.8358164),15.8358164,50.2014822,AVS221,221,1762835.01794378,6481242.40175375
Univerzita Karlova,11160,Farmaceutická fakulta v Hradci  Králové,Zdravotnická bioanalytika,B5207,,,8,Královehradecký kraj,CZ052,Hradec Králové ,CZ0521,Hradec Králové,5205,Hradec Králové ,569810,Akademika Heyrovského,1203,č.p.,,50003,https://www.faf.cuni.cz/,POINT(50.2014822  15.8358164),15.8358164,50.2014822,AVS222,222,1762835.01794378,6481242.40175375
Univerzita Karlova,11160,Farmaceutická fakulta v Hradci  Králové,Zdravotnická bioanalytika,B5207,Zdravotní laborant,5345R020,8,Královehradecký kraj,CZ052,Hradec Králové ,CZ0521,Hradec Králové,5205,Hradec Králové ,569810,Akademika Heyrovského,1203,č.p.,,50003,https://www.faf.cuni.cz/,POINT(50.2014822  15.8358164),15.8358164,50.2014822,AVS223,223,1762835.01794378,6481242.40175375
